,3,4,1,2,5,6,7
0,82398.29035431147,270074.74978017807,0.0,0.0,0.0,0.0,0.0
1,1009593.7495316863,1254930.723194778,328889.9638929367,690747.5861880183,1559148.3653707504,1624466.1457955241,0.0
2,987922.8021072745,0.0,288516.5114300847,653252.9905182719,1332051.964747727,0.0,0.0
3,857385.7228368521,1106546.4042153358,294781.7249522805,583321.4671501517,1401397.3774796724,0.0,0.0
4,566508.1467513442,722742.7476478219,202564.56673949957,446752.4701984525,880748.8806967735,0.0,0.0
5,579576.868693769,756498.3897861838,226735.04236602783,424742.56445497274,921503.504447639,0.0,0.0
6,615582.935031414,781984.2535291314,183902.90231382847,399494.79819226265,971726.8596461415,0.0,0.0
7,644384.8749404103,856344.4349814802,138427.07211077213,314267.76315814257,1012763.537885204,0.0,0.0
8,417896.1999053955,575551.8794697523,135224.30166435242,277065.37416899204,760125.0407088399,0.0,0.0
9,914349.0820078254,1100978.5041573644,492050.70657640696,726122.6678046584,1264559.0612087846,0.0,0.0
10,611970.1563956738,865059.1026581377,173270.78976464272,380467.21116793156,1073122.1048121303,0.0,0.0
11,698237.7321127057,915603.9116102457,275616.9496963024,498802.0211135149,1125681.3828399181,0.0,0.0
12,979505.5105136037,1253221.2319821715,444570.0770871639,732025.8725453615,1486533.0634182096,1544774.943629682,0.0
13,939302.7788823247,1269913.8489211202,325005.45431602,626155.9540517926,1563259.4811447263,0.0,0.0
14,741225.630949378,1136489.2565490007,0.0,297985.2752505541,1449363.6627812982,1590729.023538053,0.0
15,1227903.9754672647,1555012.7816964388,382338.75695586205,809000.9313071966,1933168.9893416166,2170250.4369246364,0.0
16,0.0,1078450.836179018,390555.40742748976,732202.2546614408,1459298.1196379066,1555443.472064793,0.0
17,595529.1911341548,819923.9687076807,272881.35324060917,0.0,1098807.7002717853,1166591.7603942752,0.0
18,749774.4689925313,1017203.4180554152,260334.6923623681,511254.61913484335,1491770.3489256501,1566090.529497683,0.0
19,879627.3179924488,1149867.6416478753,338761.62328726053,597430.6450974941,1402690.3124315143,0.0,0.0
20,801680.7616461515,1101343.6576640606,235299.22656667233,527599.9360790253,1613818.9309224486,0.0,0.0
21,723870.7469237447,856712.3239202499,345797.93263089657,550834.3559316397,1073982.7970135808,0.0,0.0
22,812974.1442000866,1166489.4392219782,222314.03209477663,521892.2355642915,1356285.351230979,0.0,0.0
23,758220.4885131121,1056537.1521906853,307705.6473004222,547543.4010158181,1245011.3725764155,0.0,0.0
24,937398.2057440877,1181653.9096904397,252118.35697555542,516738.81608110666,1407118.741223693,0.0,0.0
25,1034802.3990680575,1317685.0209856033,378012.1037529111,751764.1946561933,1563505.5198240876,0.0,0.0
26,895291.3610024452,1164767.7127161026,297735.28683948517,614951.2367523313,1453115.9244938493,0.0,0.0
27,697718.8384789228,962646.5051853657,248443.0581881404,488408.2792606354,1186471.3957042694,0.0,0.0
28,680328.5639618039,883015.312253058,189555.11232626438,426980.9695420265,1263801.3730675578,0.0,0.0
29,673319.106864214,928260.6587544084,220697.68147325516,463493.8130529523,1112322.2963906527,0.0,0.0
30,672754.6088002324,951866.5804989338,186046.8339187503,411462.25887066126,1255476.1802396774,0.0,0.0
31,745200.045290269,1023206.2567310706,213757.37668389082,498318.9735843912,1174839.1378818527,0.0,0.0
32,0.0,0.0,0.0,0.0,0.0,0.0,0.0
33,377225.05533427,466884.3659978509,111034.25056934357,237768.73143655062,605804.2469653487,0.0,0.0
34,419682.31781834364,607279.6803357601,142459.05103951693,274262.79189121723,725692.4512509704,0.0,0.0
35,607637.9474616051,825612.3032588959,227919.0333200097,425551.08421844244,1057150.832271874,1124190.8228635788,0.0
36,851576.8269113898,1041876.5994910598,174475.19923484325,399781.5711354017,1345844.1802746058,0.0,0.0
37,1097816.9482192397,1525255.152162075,379762.22811084986,764531.4908452034,1904305.0150917768,0.0,0.0
38,1320357.936229527,1838850.3997334242,459052.74755620956,984708.1864613295,2315808.7228016853,2571686.664618969,0.0
39,2529092.22960937,3216927.898287952,1070770.2948749661,1728140.9733425379,3831063.4558508396,4079752.0671753287,0.0
40,3108568.350956835,4079547.917480506,1205079.7236081958,2031732.2972755805,5039072.968330897,5206601.144066371,0.0
41,2693460.2524317503,3565782.6081546545,1162812.3528308272,1996156.33866179,4340807.753305674,4606518.085248768,0.0
42,2615506.5746697783,3648947.059521854,718038.2817668319,1697035.1280386448,4472223.195893288,4672961.334317207,0.0
43,2200360.6779372096,0.0,619599.9573048353,1345436.3008328676,2654101.9355975986,0.0,0.0
44,2254332.6044135094,2895109.695185423,886933.694947362,1377743.498067379,3685978.6207258105,0.0,0.0
45,1668891.0645568967,2129475.8748301268,710940.9806649685,1218760.0837016702,2555805.577202916,0.0,0.0
46,1493143.6333078742,1924272.9172984958,619379.55108428,997208.260437429,2291640.299621284,2291640.299621284,0.0
47,1181543.1655647159,1609413.2983477116,360924.39079236984,833890.663413465,2078078.2545268536,2105658.314753294,0.0
48,1616347.3488041162,2008864.2453558445,450473.772680223,902777.4350613356,2454926.8780997396,0.0,0.0
49,1689547.7563878298,2309116.9347429276,410732.0019091368,992002.4125928283,2805792.0962948203,2952449.957225263,0.0
50,1679261.69725883,2533964.3231651783,526684.0386801362,1046496.9197108746,2638810.563355446,2657730.633518219,0.0
51,0.0,23646.370040416718,0.0,0.0,25032.11006116867,0.0,0.0
52,0.0,0.0,1998.2700271606445,0.0,0.0,0.0,0.0
53,505060.00305718184,801033.6450439692,128085.08067774773,259145.91147565842,1134415.827207625,1215320.75775069,0.0
54,849950.125741899,1160790.2378872037,262837.93171036243,482357.7031918168,1576543.250859797,1648910.1314209104,0.0
55,1075751.0077473521,1362295.7692800164,478600.5434322953,797279.6756766438,1676467.0016284585,0.0,0.0
56,764109.9830729365,907350.9036480784,252795.03093010187,630235.5222149491,1095743.575015843,0.0,0.0
57,722788.5033037663,1078904.8352891803,231278.18107914925,505921.73229312897,1351845.7565988898,0.0,0.0
58,588562.7732272744,767314.4143929482,168510.1810504794,385859.69235795736,882152.5351486206,0.0,0.0
59,549522.2635932565,767759.3149161935,121026.65085554123,339499.5023005605,985904.9760866761,0.0,0.0
60,779066.1514649391,1030910.0226163864,214948.43055832386,507506.6609957218,1217529.9235694408,1217692.4635703564,0.0
61,1093745.7547090054,1263890.4055925012,460839.79186964035,815946.9332573414,1635732.2978405356,0.0,0.0
62,706155.4240471125,937003.9355114102,215222.1012480855,455771.06244403124,1082559.666461885,0.0,0.0
63,793001.984896183,1144607.1762125492,253909.83149653673,503705.83321255445,1349946.9871971607,0.0,0.0
64,1099196.5145568848,1403062.775897801,350735.38190340996,673714.4831712246,1617878.996391356,0.0,0.0
65,550734.1525497437,1141127.4245728254,0.0,245020.4408171773,1515543.2062247992,1521716.9362262487,0.0
66,1157806.0656742454,1533106.2874361277,409946.7122158408,765781.2038242221,1946594.708744824,1993331.9488437772,0.0
67,1153669.9447678328,1498579.1865553856,424153.09153598547,771757.9431971312,1825556.7580360174,0.0,0.0
68,901545.8343262672,0.0,350468.5414253473,591495.2227106094,1115787.925639093,0.0,0.0
69,0.0,728974.362483263,240186.2008495927,530714.8516296744,1018728.9541227818,1132714.5651351213,0.0
70,1334465.5362190008,1652675.1584579349,358349.4221443534,915564.5632739067,1997786.6109066606,2022069.9611607194,0.0
71,1329228.0892047286,1745484.3221375942,429006.3232050538,978761.5865419507,2019348.5745179653,0.0,0.0
72,800590.3157030344,1094311.326968491,268575.6521949172,575308.8941283226,1333975.6489732862,0.0,0.0
73,526750.4024258852,1008716.8132878542,167411.03008663654,363604.54129326344,1178492.5438249111,0.0,0.0
74,693029.9340372682,1017122.0461754203,175441.85074073076,468007.38264095783,1246896.3076954484,0.0,0.0
75,766281.784230113,1085547.1358519793,228050.76149588823,444716.6528849602,1226732.9566782713,0.0,0.0
76,803136.84365201,1061432.1248651147,239520.92093020678,550512.0422429442,1288538.5258120894,1289826.6458253264,0.0
77,874542.0936111212,1141032.1849211454,334652.6114833355,613325.2923503518,1396668.935793221,1420052.7757819295,0.0
78,821248.4940639138,1021846.784805119,254683.37075644732,539157.7125430703,1264105.916162014,1269114.4761691093,0.0
79,803325.4032577276,1035741.0646526217,282182.09166431427,484980.88296985626,1237234.215996623,1239781.5960077047,0.0
80,834734.8655373454,1152056.4873452783,325237.11231541634,579839.4738847613,1832571.0116080642,0.0,0.0
81,941776.1857659221,1198579.7574301958,280241.79188907146,582405.053869009,1439287.7589036226,0.0,0.0
82,1178523.2844777703,1525406.11610353,323400.0701317787,592279.3619477153,1830509.6082371473,0.0,0.0
83,1035734.206505537,1101608.0668103695,328823.6821092367,669253.7743037343,1128043.5669388175,0.0,0.0
84,0.0,0.0,0.0,0.0,0.0,0.0,0.0
85,430693.79220473766,510636.87273973227,121432.64055424929,300750.5113414526,572519.7530667186,0.0,0.0
86,530273.722933352,768339.8440454602,167209.61092805862,352351.25204873085,923358.7549133301,0.0,0.0
87,890207.9455518723,1241873.68816638,196416.93078267574,571213.4530816674,1574534.6406995654,0.0,0.0
88,843981.6032845378,1049379.684564948,226929.45069241524,411678.8619565964,1217699.5556823015,1217708.2356826067,0.0
89,657582.0438764989,954151.4657050073,202083.5113863349,336791.31226044893,1743643.5807397068,1745208.8307397068,0.0
90,1936081.8117851987,2796095.546296276,628462.8343850747,1206129.8879847303,3770601.0810666457,0.0,0.0
91,2196491.532191336,3217067.1678794622,398269.8823325634,1415736.4482451677,3963539.792202115,4272513.004260063,0.0
92,2323201.9858537912,3167194.1206129193,973329.1459655762,1558336.6501191854,3891018.375635326,3908623.805791557,0.0
93,3108467.740884781,3941726.596888244,1362663.6784937382,2258701.7952923775,4875375.592876613,5054407.5838881135,0.0
94,2251081.916120231,2963323.561523497,805744.2353841662,1395074.6397903562,3781740.9671962857,0.0,0.0
95,1314747.4491118193,1745552.292211175,462975.0833338499,850720.2759566307,0.0,0.0,0.0
96,2242028.4529108405,2684992.8554232717,896778.2633602619,1464375.4376767278,3346305.5996504426,0.0,0.0
97,1370981.6081742644,1825701.880927205,488608.1627072692,930843.2654506564,2220355.02329731,0.0,0.0
98,1355630.446854651,1858433.079897821,489742.69269382954,945125.9053348899,2274932.822283089,0.0,0.0
99,1263974.2973160744,1690689.2498562336,448773.6424808502,850447.5951156616,2080978.6718958616,0.0,0.0
100,1718290.5895915627,2256451.37228173,339524.0418636799,1128396.0466151834,2773935.305056393,2776052.0950687528,0.0
101,1825005.239792958,2277001.7220323235,725503.4834807068,1185416.6962624937,2833828.4252855927,2843445.355355516,0.0
102,1834425.2694919705,2306585.9425491095,673378.9624381065,1204887.8653016686,2733908.8854056597,0.0,0.0
103,0.0,0.0,454667.2428984642,601742.8748416901,0.0,0.0,0.0
104,0.0,0.0,0.0,0.0,0.0,0.0,0.0
105,704766.6943604946,1088064.526959002,0.0,305918.1917221546,1486200.669776976,0.0,0.0
106,1105151.9171729088,1414733.9892365932,420641.64283806086,807815.1253941059,1681090.7107661963,0.0,0.0
107,1058888.2749670744,1353143.8465698957,436232.06096965075,755057.9231559634,1622216.168556571,0.0,0.0
108,871025.2251477838,1198307.777177155,271588.321675539,573023.1738314629,1429620.8185848594,0.0,0.0
109,903775.0657826662,1141578.8770236373,276765.83194720745,574677.1238738894,1280006.3477503657,0.0,0.0
110,363975.59209549427,514821.93249833584,103457.83073580265,257361.41150391102,594737.2029923201,0.0,0.0
111,668510.3130169511,844651.3639858365,149245.28095954657,489936.3320208788,1060536.8546651006,0.0,0.0
112,472997.04265630245,652167.9432694316,117646.21050930023,352413.8118995428,701024.5235218406,0.0,0.0
113,723461.484650135,999502.3561836481,141963.48109567165,428617.48278313875,1230274.027757883,0.0,0.0
114,776595.373945713,921710.5048319697,338602.43110990524,485463.4220596552,1029193.0056937337,0.0,0.0
115,576389.7232432365,768630.0142600536,172841.5008225441,405325.45215672255,927424.5053226948,0.0,0.0
116,854577.7825757861,1159267.433611393,153596.20055294037,546969.8817765713,1747342.0843686461,0.0,0.0
117,933776.8730253577,1335304.2142626643,355937.33035612106,677290.3215732574,1615282.1256949902,0.0,0.0
118,891291.0944838524,1173182.9861441255,302170.6715914607,611385.7430192232,1490119.327821374,0.0,0.0
119,1044991.0148295164,1345473.1261218786,353681.44152736664,671876.1028217077,1650066.4173648953,0.0,0.0
120,675403.952370286,904404.4734301567,0.0,279655.3815342188,0.0,0.0,0.0
121,1066478.0044018626,0.0,348230.0314743519,766810.56337291,1576710.7459537983,0.0,0.0
122,1032570.9147150964,1368472.5168149918,338267.8416816592,688410.2830930352,1693458.9387583584,0.0,0.0
123,795368.3843774796,1060123.31587708,380124.91201138496,536826.7028411627,1241140.6668182015,0.0,0.0
124,883581.112980485,1151734.4440416694,210801.01085174084,524995.0120096207,1341844.795102477,0.0,0.0
125,809848.5234326124,1184187.904313147,226663.34071701765,555334.8625546098,1461238.1760210395,1470075.8760485053,0.0
126,613090.8242538571,998576.267114222,0.0,207973.2313722372,1333751.3593267202,1373743.7096966505,0.0
127,1529500.8493560553,1939348.9128703475,436381.51312971115,1081497.805727005,2251822.055871427,0.0,0.0
128,948078.1757500172,1217453.327665925,361789.68286317587,595281.1040328741,1422198.4183331728,0.0,0.0
129,980795.8345472813,1138070.6657524705,258883.43131107092,716059.9130695462,1347277.2572771907,0.0,0.0
130,730662.5336167812,951575.235267818,185250.27078455687,469388.3320223093,1347373.6251670122,0.0,0.0
131,881698.1273543239,1254313.3297073245,253035.36201536655,584111.9947651625,1519403.1013078094,0.0,0.0
132,1003632.2244423628,1276813.1463831663,336495.05129802227,685708.9430553913,1668537.4291164875,0.0,0.0
133,681692.2047836185,883832.835783422,281177.6820747256,427623.13287353516,1090996.8971271515,0.0,0.0
134,911883.8943006396,1161553.2858544588,183296.8610316515,519857.7529621124,1391322.617267549,0.0,0.0
135,1170222.8072524667,1642643.8698869944,321417.4622204304,802948.7547621727,1682392.0401843786,0.0,0.0
136,0.0,0.0,0.0,0.0,0.0,0.0,0.0
137,421466.8621918559,619818.182667017,84912.91029882431,253780.86121743917,710206.5530364513,0.0,0.0
138,434392.171877265,600655.2529884577,128688.13033556938,233474.8806939125,688778.7234742045,0.0,0.0
139,900076.8048301339,1136442.7264544368,266119.4015337825,544508.7332201004,1630691.288556099,0.0,0.0
140,436674.4323551655,587044.1732545495,103758.08034133911,321574.63180577755,784929.3942993879,0.0,0.0
141,1271799.4162926078,1741697.6990910172,366955.35194277763,774232.8742521405,2179952.2615671754,0.0,0.0
142,2520866.677963853,3338091.2416455746,877618.8947404027,1589460.2661767006,4118056.1951637864,4475197.146214306,0.0
143,2743833.789340496,3703499.7739282846,1051957.082158327,1900328.225777626,4754190.258975744,4820534.739355922,0.0
144,2655461.219266653,3567993.793694973,1017086.091601491,1728412.9652122855,4240798.137162924,4261397.89725709,0.0
145,2460651.471556902,3057797.554960251,790193.2838543653,1673338.3482267857,3580337.597709179,0.0,0.0
146,1649870.1969951391,2087335.7689141035,590170.1124497652,1095328.1652201414,2526762.6414316893,0.0,0.0
147,1839151.95597893,2363225.508575499,636146.4414393902,1176074.503663063,2587324.118972838,0.0,0.0
148,1573955.9156284332,2149039.678337753,488931.7718951702,1059019.774229765,2659657.4102057815,0.0,0.0
149,1523247.4264340997,1878523.7383158207,581602.222114563,973191.494015038,2312259.950220585,0.0,0.0
150,1355292.8259901404,1839101.657552302,419276.3114082813,955043.7640165687,2328417.869435847,0.0,0.0
151,1632559.57450898,2014253.3064642698,401091.7016554028,1383798.0532084256,2436633.278713897,0.0,0.0
152,1736191.3960906267,2191561.8384718895,564192.1814758778,1115208.5434108973,2690599.130583048,0.0,0.0
153,1078282.6952940226,1836797.5578727722,0.0,584495.5725810528,2219437.3602793217,2303198.2707812786,0.0
154,2097106.0785841346,2720007.4019234776,810177.7328931093,1326247.655502975,3235217.7044810653,0.0,0.0
155,690701.5837715268,0.0,396983.28217959404,672938.5237310529,0.0,0.0,0.0
156,0.0,0.0,0.0,0.0,0.0,0.0,0.0
157,261894.62156653404,664247.903973341,0.0,0.0,1033949.4264448881,0.0,0.0
158,1209120.6076063514,1609091.0703208447,416097.3526968956,862076.1256465912,1954085.9225871563,0.0,0.0
159,599025.863546133,894420.1548178196,0.0,264617.6014854908,1096296.4760363102,0.0,0.0
160,502277.26320791245,638660.2639251947,193664.57127976418,344574.5122151375,711653.2241283655,0.0,0.0
161,969757.24414891,1257093.995912969,148291.23094391823,450662.33271723986,1392942.6168541312,0.0,0.0
162,688424.1150900722,855684.6862396598,272513.9720132351,511679.72385025024,898779.4765495658,0.0,0.0
163,864933.7820301652,1154202.0726911426,268887.9902718067,586743.2508294582,1416556.853609264,0.0,0.0
164,784402.8035220504,946973.6443788409,300507.37114185095,550886.2623479962,1173287.4653488994,0.0,0.0
165,713552.0243540406,944240.7958679795,242193.00152790546,472607.9328274131,1377294.5166133642,0.0,0.0
166,837500.0648018122,1165197.2369089127,249036.28133279085,617864.7333122492,1487234.4083602428,0.0,0.0
167,801424.1245884895,875881.1351076365,270028.7112236023,574752.3832142353,1056665.1259273887,0.0,0.0
168,708387.2332113385,1053331.2943601012,231813.0409553051,455453.37226617336,1585345.3825478554,0.0,0.0
169,983981.0648092628,1324936.805940926,406597.29149478674,674690.5026661754,1619825.6778423786,0.0,0.0
170,662564.8031546474,972415.4645935297,0.0,335814.8913934827,1288315.3558745384,0.0,0.0
171,1056970.0453521013,1404496.9572668076,360575.73182427883,701126.7537143826,1683188.458632946,0.0,0.0
172,835334.2345346212,1103747.7956543565,299362.9314376116,563658.0229116678,1287855.506625414,0.0,0.0
173,706700.5519300103,858532.0328912139,177958.73076552153,396571.60203135014,0.0,0.0,0.0
174,732876.6744241714,1053738.5662478209,113607.55062288046,381461.39234519005,1413664.997862339,0.0,0.0
175,1380288.7457389832,1911720.6169893742,398272.67190927267,947925.4937190413,2331717.250018358,0.0,0.0
176,1388042.749018371,1833441.5718521476,470451.50293660164,911704.9461314082,2481398.94319427,0.0,0.0
177,1309497.3877091706,1689371.3499040902,428947.33245897293,853639.0152740479,1864275.7606876194,0.0,0.0
178,384439.36183291674,619786.5028632358,165698.96050983667,0.0,862984.0641338304,0.0,0.0
179,803118.8058371544,949450.8268330097,264216.6718197465,544932.8441290259,1236362.9492222667,0.0,0.0
180,864584.1160132885,1178174.6979663372,320458.8923217654,604823.5842616558,1359810.1987723708,0.0,0.0
181,978415.2324926853,1214728.0936019719,246179.21044504642,531408.201659441,1444229.1235678494,0.0,0.0
182,852961.1620144844,1120029.1827578545,291192.0204423666,517620.4805536866,1461179.5143498182,0.0,0.0
183,1041601.0547686219,1386092.1061870456,362659.59168463945,756166.1935181022,1711302.5376726985,0.0,0.0
184,731080.3132477403,981085.2736580968,225883.80116796494,466590.27229708433,1430865.0548936725,0.0,0.0
185,721561.1935572028,992077.2648898363,239833.09086418152,504393.612344563,1063063.0452189445,0.0,0.0
186,757598.4029085636,1053707.644374609,301528.6209859848,562689.1619700193,1152856.4350889325,0.0,0.0
187,863857.334879458,1267194.797048092,209816.80112439394,544022.6630846858,1589022.4988644123,0.0,0.0
188,422179.64152127504,508644.5619497895,241843.7412058711,326919.4412727952,519193.47197300196,0.0,0.0
189,0.0,0.0,0.0,0.0,0.0,0.0,0.0
190,621267.1827334166,818318.433822751,86708.21060204506,261037.87147021294,914933.1343907118,0.0,0.0
191,574158.0334740877,767744.3347180486,120186.99084544182,313272.7321072817,927017.9157400727,0.0,0.0
192,739842.0036289692,947471.8147464991,230734.52136540413,424626.8325122595,1080745.685479045,0.0,0.0
193,432421.5520346761,579548.9624084234,170294.7009474635,300237.6415478587,709852.8632335067,0.0,0.0
194,2059537.8274279833,2876772.509911537,597544.7227833271,1103974.5154796839,3771092.3131301403,4044002.54478693,0.0
195,3120783.0794882774,4192579.5538758636,1034102.6519372463,2114428.5362690687,5210772.087822199,5357724.518708246,0.0
196,2791807.014651358,3688828.1001995206,956118.2353399992,1773240.3694333434,4541651.364095986,0.0,0.0
197,2803420.3550885916,3434409.289166093,941427.9252633452,1810321.5395954251,4176163.0932689905,0.0,0.0
198,1816842.6790035367,2576476.432120187,505815.83284783363,1217646.8759308457,3134522.415112598,0.0,3134522.415112598
199,1546231.2783380747,2025673.3111709356,570572.2126412392,1026724.6953088045,2428848.313123107,0.0,0.0
200,1611985.9175094366,2103639.360198617,513306.89156770706,1090147.3149584532,2675977.2924413085,0.0,0.0
201,1899103.568296194,2449172.6210678816,638009.9028391838,1340021.7652857304,2961951.4538356066,0.0,0.0
202,1607969.4978448153,2131779.690273404,547451.572158575,1045346.7647713423,2653885.3533536196,0.0,0.0
203,1433507.5460098982,1837302.4782956839,343828.8115695715,886881.8239289522,2373462.990360379,0.0,0.0
204,1275811.465553224,1918807.668587625,280096.451207757,734484.5930152535,2514329.711696282,0.0,0.0
205,1264264.482985437,1785016.9456536174,712827.5199739933,0.0,2360722.5285403132,2443774.9990390483,0.0
206,1955697.59886837,2771927.550922513,737172.5540806055,1319478.6760655642,3309486.2434210777,0.0,0.0
207,894203.5248037614,905083.474831704,360787.99186372757,807053.5846067704,0.0,0.0,0.0
208,0.0,0.0,0.0,0.0,0.0,0.0,0.0
209,0.0,623402.6734596491,48131.290190279484,296886.8816511035,901678.2349749804,0.0,0.0
210,912944.9744898081,1236657.6562076807,326840.2315135002,625741.7627295256,1462415.3576571345,0.0,0.0
211,669920.273799479,957762.1954920888,310869.3015794754,0.0,1310642.5574769378,0.0,0.0
212,789021.014433749,967470.9554735497,307708.6116803959,577771.1930291727,1069747.266136296,0.0,0.0
213,570271.5834184289,806974.6246830821,146844.1907157898,352874.09203344584,994316.9759516716,0.0,0.0
214,677032.1838011742,940380.8956261873,203102.0412797928,392127.4226438403,1136639.7168260217,0.0,0.0
215,756889.8235192895,1001775.4748805165,304938.17109566927,538287.742158711,1227593.705992043,0.0,0.0
216,800319.364441812,1004844.3056445271,170805.22103524208,410440.2925699353,1222684.6673779637,0.0,0.0
217,620785.2436175942,850065.7251034379,153057.5609344244,397512.092261076,1093114.0564624667,0.0,0.0
218,651627.6236994267,954021.7046699524,220368.17092376947,436586.15244060755,1095813.3156458735,0.0,0.0
219,849895.5752181411,1062172.1264753938,307319.0421215892,614175.1040116549,1184832.8770099282,0.0,0.0
220,1204250.18309021,1519328.474106729,297084.35060560703,831887.7019569278,1806794.944130361,0.0,0.0
221,565653.311411798,919319.5021888614,0.0,293092.84084683657,1262230.5125121474,0.0,0.0
222,1061484.3824702501,1358973.113993287,326748.8606797457,733822.0011456013,1658544.635421753,0.0,0.0
223,954054.5343379974,1384093.6156131625,325830.63147616386,664944.1330791712,1670923.1765230298,0.0,0.0
224,903420.954378128,1542578.8265674114,275953.23127639294,537927.2028199434,1838618.4572992325,0.0,0.0
225,648414.3328353167,896907.8240576982,0.0,320098.0712541342,1055702.774847865,0.0,0.0
226,680566.4433232546,941896.5750136375,146643.66078311205,415920.38218671083,1099487.3059203029,0.0,0.0
227,587687.9329994917,786412.9936193228,198036.87104791403,382381.1919505596,1167947.6141488552,0.0,0.0
228,1051117.723560214,1258319.9645142555,375450.5610823631,728136.922442615,1455541.7950826287,0.0,0.0
229,701425.0025824308,993072.1334952712,172054.800552845,415791.941447258,1212136.0737236142,0.0,0.0
230,822672.471445322,0.0,141157.9004841447,367675.9313932061,0.0,0.0,0.0
231,838308.6636087298,1192824.2655764222,233901.3310163021,555343.9225360155,1456075.3271573186,0.0,0.0
232,809561.3450788856,1068083.4766433835,288469.651789248,547784.5435905457,1270056.6478529572,0.0,0.0
233,770588.4741318226,984956.1055140495,267245.89146602154,505740.5028310418,1112619.356014192,0.0,0.0
234,520091.3126960397,695007.1935814619,152537.2407169342,349897.03185492754,1072009.8232660294,0.0,0.0
235,789603.9247094393,1082787.9164078832,196319.4111599326,476548.7830507159,1350270.448246181,0.0,0.0
236,742207.0839796066,971459.7652847171,250847.52129381895,485469.86251604557,1197858.1863958836,0.0,0.0
237,819571.973926425,1353684.6184740067,334887.9113535881,584223.1524529457,1543899.4296571612,0.0,0.0
238,703606.2834474444,929795.2946813703,189527.62076675892,452655.43216872215,1105771.2453904394,0.0,0.0
239,846107.9955151081,1213843.2076160312,228294.7013436556,525625.9233008027,1496212.3692505956,0.0,0.0
240,734693.3938328624,981358.7150949687,299074.07138472795,609442.4531562328,990065.0651592463,0.0,0.0
241,0.0,0.0,0.0,0.0,0.0,0.0,0.0
242,456348.3227162361,760030.4333490133,105430.0602799654,289945.4815951586,861860.9040136337,0.0,0.0
243,397073.12209421396,594022.4232321382,146290.11067694426,300580.3216318488,784054.6445322037,0.0,0.0
244,739403.6248770356,892672.955892384,206092.8913962245,511274.37333345413,987162.4564040303,0.0,0.0
245,456168.8613816649,664514.9325128496,157120.10004019737,302960.42082832754,1055274.8447861373,0.0,0.0
246,2275412.6994404793,3108651.832141727,631584.0418641567,1459688.4153860807,3938183.365556568,3980474.415787548,0.0
247,2910966.945884168,3659887.310321629,1126989.7358345985,2081931.7413318157,4010482.3121260405,0.0,0.0
248,2456009.953449726,3196387.2382087708,867273.5439309478,1673654.6683904529,3944361.8216934204,4082316.7926824093,0.0
249,2364727.903904371,2942079.337124031,827599.8444396257,1582230.689181149,3455190.4804075398,0.0,0.0
250,1570190.8688934445,2122065.2713580728,525135.733256638,1066083.6764546037,2566690.194111645,0.0,0.0
251,1366075.0880226474,2076979.5491490345,434558.89249145985,868984.7153649312,2544169.721508501,0.0,0.0
252,914323.6353241205,1593617.3777567148,278233.8116686344,0.0,2029851.0695447922,2066144.289678812,0.0
253,1784950.1585373878,2323441.0410664678,705320.5433177948,1260339.625980556,2936903.0837787986,2991207.4241966605,0.0
254,1704844.1386164427,2205435.52103889,671129.1432418823,1244398.6561934948,2754316.1533504725,0.0,0.0
255,1440075.7053633928,1871876.9672932625,441986.1411970854,1001648.1236690283,2498737.1795437336,0.0,0.0
256,1664683.1074268222,2114432.909882009,447483.842012167,1052772.6443398595,2586455.31231755,0.0,0.0
257,1745588.2380247116,0.0,601561.1630325317,1342781.3161027431,2235008.010710776,0.0,0.0
258,1736110.9882961512,2523322.6801975965,572570.4929168224,1164283.1656336188,3029043.302854061,0.0,0.0
259,1650563.4373419285,2243223.7805655003,620770.453492403,1231246.3548178673,2538255.6295560338,0.0,0.0
260,0.0,0.0,0.0,62551.980088710785,0.0,0.0,0.0
261,372767.53110927343,525319.0017666221,0.0,117216.34006017447,0.0,0.0,0.0
262,881514.6957108378,1188650.1380514503,283007.0615288019,594022.9336157441,1457513.919961989,0.0,0.0
263,1111159.1171720624,0.0,345698.06240296364,678785.3747431636,1400318.199453771,0.0,0.0
264,981175.4661450386,1221655.9181112647,328731.8616683483,669042.7039253712,1430408.969980657,0.0,0.0
265,726165.5550942421,996290.0767463446,320794.22214484215,506064.5233950615,1236553.8884288669,0.0,0.0
266,527538.1838127971,740553.4154898524,267441.3520665765,406070.0931017995,872050.8865175843,0.0,0.0
267,883562.8066217303,1034844.4078976512,272422.54212361574,604917.2545601726,1193093.9289890733,0.0,0.0
268,913432.4543474317,1260747.3945650458,204964.68136119843,534070.5139214396,1459132.8147237897,0.0,0.0
269,644725.2928025723,866830.1942750216,211363.7999613285,411265.70124316216,1025905.8562034369,0.0,0.0
270,1011704.6261998415,1374506.707020402,263050.1328713894,742723.6846059561,1716932.2386499643,0.0,0.0
271,838722.0342488885,1021066.1153339148,220591.86128032207,549904.3125106692,1072926.785622239,0.0,0.0
272,810238.0123121738,1108679.3236382604,228202.92095398903,479409.3623421192,1332668.0746414065,0.0,0.0
273,1050154.2035890818,1269865.9447513223,277702.0409505367,556443.2920798659,1563357.2449892163,0.0,0.0
274,810397.9540709257,1176240.5658230186,271712.0009391308,560386.7826128602,1499873.7069674134,0.0,0.0
275,1061780.3137244657,1418574.7649533823,338123.24108380824,684710.002129145,1724538.6261546686,0.0,0.0
276,682432.4522892833,980863.7634580731,0.0,346826.7312244177,1244547.0243412256,0.0,0.0
277,558056.562881127,864094.744601503,222998.71122808754,0.0,1064667.2558395416,0.0,0.0
278,527830.0319746733,900029.274402976,0.0,192228.29120576382,1181750.8362783939,0.0,0.0
279,1057545.0365344882,1457388.4294044375,316807.1220023632,636359.1138310432,1740306.231003821,0.0,0.0
280,942173.4945972562,1161464.4055315256,242043.75165468454,636872.8829346299,1482514.6276085377,1517313.5776085854,0.0
281,723563.4436932802,1034750.7451967001,208788.07095766068,462217.9725037813,1372474.1269493103,0.0,0.0
282,1071276.575408578,1399036.0972089171,315996.84137296677,668720.7532983422,0.0,0.0,0.0
283,904040.9016894698,1230112.4923671484,306308.67159986496,599445.9117438793,1523001.422113955,0.0,0.0
284,720458.0202211384,999774.8401829842,295087.38021692075,527787.3900437001,1108263.750178853,0.0,0.0
285,835630.5974776149,1128334.44671005,183145.1296403408,502486.0183432102,1394274.5454704762,0.0,0.0
286,1120461.7959924936,1331937.485787809,271412.34994620085,837473.3266817927,1537024.3656309992,0.0,0.0
287,842911.0586926937,1137134.2182600498,170442.22973138094,444135.1694331765,1327882.6180516481,0.0,0.0
288,551500.548756659,679913.7484875321,134879.74965971708,278634.5593417287,891843.258426249,0.0,0.0
289,611599.0794535875,771792.9194515944,181919.9198243618,402317.1696821451,1051310.8800305128,0.0,0.0
290,521256.6994678378,673449.7394441962,183095.72979032993,414829.38965779543,841482.7592979074,0.0,0.0
291,708942.3699023128,1012629.7500235438,131719.39993798733,390569.159891665,1206008.4400147796,0.0,0.0
292,791294.0995537639,898703.4396457076,233820.88014030457,501044.30007606745,951728.8995947242,0.0,0.0
293,139976.15964084864,436083.9393081069,0.0,0.0,542532.7887576222,0.0,0.0
294,546004.05848068,803898.8078686595,170877.01940220594,370866.6788790822,996348.658082163,0.0,0.0
295,395777.6793317199,535417.819131434,105225.25944250822,261701.33937567472,887801.2980888486,0.0,0.0
296,712165.6589575969,858439.1388168298,208501.71973129734,459161.5193685256,1007525.8186832033,0.0,0.0
297,351088.6598920226,651832.2798267007,121315.12008619308,242945.98003071547,1004817.3200837374,0.0,0.0
298,1966290.26771307,2738099.8662780523,564340.8700222373,1082508.7002068162,3451045.954815626,3685767.454650402,0.0
299,2828874.334095001,3673467.3400171995,1004592.7968921661,1881727.585061431,4625455.588533163,4918186.6477108,0.0
300,2215147.6653172374,3010345.3333194256,589674.9589241743,1363934.3773366213,3803631.791572392,0.0,0.0
301,2371645.304990934,3321430.201900767,755621.8189464826,1600868.7167539466,4012524.3597243894,0.0,0.0
302,1408965.5663084388,1851244.7156161666,560825.4683303833,945785.8972610235,2326005.404840827,0.0,0.0
303,1340597.9780997038,1786146.727648139,504429.73940718174,887925.4887025356,2228187.776777625,0.0,0.0
304,0.0,1070698.8792021275,379871.39993309975,766157.7495943308,1611766.0083378553,1611766.0083378553,0.0
305,1596272.1782936975,2242539.9978349134,656208.9702643156,1115688.229318492,2790947.7176928446,0.0,0.0
306,1461323.4297427535,2258100.657251656,524125.3203496337,1061384.519925058,2713714.906045258,0.0,0.0
307,1294209.8998761177,1912618.8593681455,467414.32036721706,883421.0098946095,2092446.32907027,0.0,0.0
308,1148966.999690175,1612491.089667201,279238.94999551773,729661.5195450783,2203214.949579783,0.0,0.0
309,1820629.4788279533,2455723.528870702,683100.599873662,1271174.5795400143,0.0,0.0,0.0
310,2000388.9283537641,2482752.7581215873,726461.199057579,1409915.138657786,3004264.657749906,0.0,0.0
311,1715746.6090567335,2225762.7287640795,662475.0395929813,1225205.22929468,2709689.48831477,0.0,0.0
312,372637.88072681427,643855.5805015564,0.0,0.0,895134.1709622145,0.0,0.0
313,305086.72954666615,469636.83898961544,0.0,107498.55991363525,675817.9893581867,0.0,0.0
314,951356.1830138564,1259892.563367784,284251.72115802765,597679.782119453,1551892.5528505445,0.0,0.0
315,745486.4503029585,947015.6098538637,333571.7500169277,577555.4501847029,0.0,0.0,0.0
316,836686.6518763304,911126.061919868,168397.6900920272,582950.9017446637,1116490.2020852976,0.0,0.0
317,450956.9294725098,674895.3495450653,219114.89997899905,330688.05985796824,803370.309421245,0.0,0.0
318,443890.0199917555,818348.250790298,185092.75988030434,289672.60003352165,1205288.9110425115,0.0,0.0
319,890447.0524827838,1139135.7228487134,301244.05087536573,611516.4221029878,1300526.252713263,0.0,0.0
320,488607.7801570296,598795.2003234029,173157.5301026106,290180.6901316047,715065.2401779294,0.0,0.0
321,508474.2398176193,622254.959962666,131256.22022128105,261857.17994463444,850372.4493418336,0.0,0.0
322,649502.9598156214,856492.9997645617,193961.21024227142,375348.6602307558,968404.8698875904,0.0,0.0
323,571348.6890310645,747900.4581667464,227224.6298841238,427826.96958613396,1044919.1185914557,0.0,0.0
324,1158119.1978467107,1515732.967422843,259268.74021410942,733658.8491033316,1895960.365996018,2056935.5556922108,0.0
325,985915.257977128,1565023.9670992494,343052.9389542937,621710.5282174945,1769988.9865157306,0.0,0.0
326,667132.5487650037,1020730.9379692078,0.0,235552.20952689648,1358959.6167294383,0.0,0.0
327,1086674.4971508384,1428838.6558301449,349980.35912179947,719163.0380182266,1777154.9851459265,0.0,0.0
328,1216174.0910995007,1528601.073240161,243022.59993082285,621911.5012128949,1848636.5446664095,0.0,0.0
329,0.0,944902.6110934615,319944.4303998351,718217.97140944,1176721.310289979,0.0,0.0
330,158567.96942818165,531218.268434763,78956.07981026173,0.0,595228.1182917356,0.0,0.0
331,1009991.1208872199,1323347.21145612,281999.45028340816,666681.3203589916,1534747.3212681413,0.0,0.0
332,721990.8971732855,968313.4764639139,296576.75924003124,562872.1180710793,1224107.8659724593,0.0,0.0
333,585073.5780431032,707726.767970264,211325.93931293488,488868.19833266735,752062.7479148507,0.0,0.0
334,664822.7098198533,889389.7399497833,255284.27988559008,435471.2596040368,1184505.8098450508,0.0,0.0
335,931650.1491393801,1246220.008547401,243806.84030640125,701224.7998212334,1302120.7184608933,0.0,0.0
336,708988.7090762388,930642.2286578547,264808.87965893187,499009.2093280498,1337142.7278456818,0.0,0.0
337,1046194.9179797769,1271578.8468989134,406242.6196594238,751918.9490345716,1442232.1565761566,0.0,0.0
338,606457.2197266817,1201477.860175848,199818.920232594,399248.6700819731,1485247.6302828789,0.0,0.0
339,754522.1793960929,961845.7385872006,209994.77001571655,480885.7699292898,1104422.0984098315,0.0,0.0
340,597677.1789433956,785660.1183294058,176826.40970093012,351294.1792870164,999137.038130641,0.0,0.0
341,541410.3390121162,720458.678830713,180576.66981220245,388407.11935541034,803064.9484774768,0.0,0.0
342,690936.567694068,928592.1067100763,158577.61988806725,378696.21859920025,1080648.6063274145,0.0,0.0
343,579943.1994231343,798015.7788685188,75100.9198486805,368852.25963675976,1069442.2881951742,0.0,0.0
344,806222.8898940682,1011750.7398691773,254732.29049015045,555160.2602535486,1132554.4596651196,0.0,0.0
345,0.0,0.0,60.74000096321106,68.86000084877014,0.0,0.0,0.0
346,309766.2790813446,459328.39909505844,24000.649922132492,170492.3892623186,564000.0989000797,0.0,0.0
347,341688.6490995884,525012.2889316082,52067.85980796814,243877.31945204735,646053.0485525131,0.0,0.0
348,670188.2092872262,953098.4685357213,185442.83987522125,386401.3596175909,1022106.9884067178,0.0,0.0
349,381743.3887345791,554883.078487575,113040.099640131,304148.21922826767,871441.1783642173,0.0,0.0
350,1246146.9887612425,1897044.328283485,363549.11974721774,927112.05905753,2193964.188147124,0.0,0.0
351,1688008.2596073747,2399392.21926409,226168.26006764174,878093.2004670501,3226433.3888679147,3477899.788613176,0.0
352,2296687.2379128933,3004986.476688981,855723.9396166801,1612503.7481811047,3553544.9860040545,4132623.7360651493,0.0
353,2258176.914434828,3004192.683447875,676825.6286269426,1462146.247007668,3706349.731646158,4241467.420133926,0.0
354,1561370.2656636238,2059956.0343179703,556107.0583984852,1014620.0866630077,2772626.0714070797,0.0,0.0
355,1363987.9457036778,1874382.8247544095,384966.8183685541,911293.3768979907,2330910.1933093593,0.0,0.0
356,1176407.6944400296,0.0,463739.6980219111,802829.4062220082,1720666.5338677391,0.0,0.0
357,1657135.217375338,2177500.7765601277,584164.4392789602,1115299.0183182359,2628809.896109998,0.0,0.0
358,1631182.079351008,2625673.423476398,538278.7195094824,1025089.9187098145,3121606.0432293415,0.0,0.0
359,1170571.3591440096,1647252.1593788043,464887.419919014,811223.0893027782,1887036.6586306468,0.0,0.0
360,1610805.790044427,2000809.0098525286,463009.9393197298,1042911.8299804926,2407114.299610615,0.0,0.0
361,1534101.0477294326,2005676.4268151522,350746.50933241844,964907.7289835215,2695696.1662796736,0.0,0.0
362,1515609.6989141703,2100372.448313117,437759.469583869,856326.3189827204,2446465.6176792383,2738166.787449479,0.0
363,1422675.210389793,1846329.4208101854,614038.3102033734,1141160.5900687575,3520768.6940393075,0.0,0.0
364,0.0,133777.8497917652,0.0,0.0,0.0,0.0,0.0
365,92007.3498442173,299830.19948911667,0.0,0.0,572611.3094809055,0.0,0.0
366,961363.6400880814,1231967.4199872017,266547.8099503517,572559.4496569633,1476727.3000359312,0.0,0.0
367,808302.7409497276,1097674.4713157192,233051.54009842873,530338.3706872463,1421624.9716536775,0.0,0.0
368,678046.2497173548,894301.7794802785,232301.7799936533,493476.989888072,1054385.639128983,0.0,0.0
369,572829.0695698597,784308.1281285621,195329.50021970272,429569.0999925472,989402.287431512,0.0,0.0
370,621382.1491822004,813089.0191402435,151286.97995090485,394355.36960184574,1109800.2094386816,0.0,0.0
371,484884.06917238235,751074.390080452,159772.73976892233,337881.8994292021,1019277.2001792192,0.0,0.0
372,488066.1112829447,696279.5527739469,130947.68015766144,326780.05064988136,930523.1925975997,0.0,0.0
373,602452.6303032041,731774.2804638743,138002.7097313404,517763.4503273368,944102.8311056495,0.0,0.0
374,808220.9019435234,1086179.4619351216,185672.51988756657,501844.0399103761,1449465.6828425713,0.0,0.0
375,703403.6013765335,853388.3019977212,185671.4904229641,468481.8407330513,965754.8022912145,0.0,0.0
376,683217.1004963517,1085116.4885382056,142583.10009080172,414171.59059268236,1371075.2082917094,1468469.9579266906,0.0
377,960972.658184886,1244959.057044506,374314.98894381523,688211.0287133455,1526288.8953245282,1651245.624888122,0.0
378,850254.7873082757,1117911.2763481736,201244.01971453428,566029.8081297278,1539854.084386766,1647294.054054439,0.0
379,1065111.3964027762,1448505.7052478194,300962.96895056963,612170.6782188416,1844281.8237268329,1954930.8130879402,0.0
380,790126.9469625875,1121064.6969004795,211278.80891871452,460628.30792390555,1404258.3463265821,0.0,0.0
381,599030.3102071285,0.0,0.0,337550.98042714596,0.0,0.0,0.0
382,0.0,810061.3213083744,261416.31134426594,506088.3614952564,1111097.4719697833,0.0,0.0
383,825274.9412385225,1120589.0321222097,190095.54997611046,421886.84982693195,1398026.2228273302,0.0,0.0
384,870234.677398622,1190295.2371675968,275458.88933211565,546985.1486619115,1466070.216526568,0.0,0.0
385,800586.908622859,1155038.4182557445,312139.739467144,591611.8589715939,1340075.8575651627,0.0,0.0
386,601901.1791096926,728978.3290649652,125683.77962362766,394726.80942988396,782635.9789699912,0.0,0.0
387,634094.8885723352,876091.8780562878,245534.01924359798,480885.6188418865,1032978.6279031038,0.0,0.0
388,606196.9697439075,783031.3597447276,132044.39985460043,357618.0097742677,895882.3397427201,0.0,0.0
389,644378.3395195901,810492.8893841207,234919.6600894928,424099.8897860944,948846.0792848766,0.0,0.0
390,602182.0689538755,946731.007867936,160621.4298296608,393017.6194678582,2099655.483160857,0.0,0.0
391,1186713.0225279331,1386913.1923191547,317378.93930864334,547295.8388264179,2123732.219836235,0.0,0.0
392,540797.4198361039,685049.5896099806,167073.67967271805,352872.0996916294,814973.6294679046,0.0,0.0
393,522645.86924523115,719207.3095235229,146115.05983757973,318719.80965703726,867130.6694269776,0.0,0.0
394,496224.4699550867,651884.0498799086,184034.66004490852,372014.449860096,962971.199441433,0.0,0.0
395,597292.1789989844,846889.1887202039,196327.21965885162,448752.87916920334,1076919.1483853012,0.0,0.0
396,953335.6598029137,1166931.5198308825,320317.3398579359,675849.0395492911,1196029.8298861384,0.0,0.0
397,0.0,0.0,0.0,0.0,0.0,0.0,0.0
398,311164.9396352172,454072.94938755035,37541.66981399059,183543.60958111286,498426.5693843961,0.0,0.0
399,338106.9094272852,566404.3791102171,91297.53984081745,239766.9496358633,840397.3780025244,0.0,0.0
400,610660.56848979,773227.9484180808,239299.16909331083,466260.26870149374,874034.9181471411,0.0,0.0
401,476032.2295819521,705990.519443918,158391.24964344501,261333.50964176655,974452.9193711765,0.0,0.0
402,1114975.0189048648,1467987.3785244823,422021.50948762894,787320.5490875244,1906624.6791850924,0.0,0.0
403,1311412.8999543786,1667359.8597167134,396095.9298508167,776805.989587605,1898808.110007517,0.0,0.0
404,1290884.1092945337,1620365.4490032196,312647.33980602026,986069.7195935249,1872540.4589805603,0.0,0.0
405,1988741.1304039955,3190486.5918853283,349015.88038277626,1245094.0499722958,3813028.4012708664,4402657.781254292,0.0
406,2815566.7556350045,3402086.704671841,818306.188720949,1643634.727959402,4203506.062628323,4715148.641727146,0.0
407,1671787.8255047798,2405206.0130440593,318207.5592315197,1080615.9769419432,3091713.7500211596,3485261.439364016,0.0
408,1770582.366732359,2037775.1779260635,672642.6178382635,1344792.735806942,0.0,0.0,0.0
409,1478459.2274181843,2030832.9670743942,584419.3289128542,980611.9881875515,2421337.927649975,0.0,0.0
410,1139236.780270815,1595124.8005076647,474679.1501278877,773806.7801308632,2055375.3304163218,0.0,0.0
411,1600661.208922267,2373704.6087919474,670529.560013771,1106526.6993761063,3648249.1517492533,4061759.73295033,0.0
412,1377776.3699613214,1759508.8691536784,502094.1303297281,960375.4103162885,2135875.958564222,2135908.958564222,0.0
413,1432221.3696330786,2010053.5691154003,569224.8503735065,908268.560234189,2250207.668895006,0.0,0.0
414,0.0,0.0,0.0,0.0,0.0,3009.4999809265137,152458.9296617508
415,2530241.358356595,3007600.3280251026,780325.1494349241,1783702.3186272383,3505444.7067255974,4316564.275102317,0.0
416,0.0,0.0,433860.4894371033,464589.78938794136,1061193.7285387516,0.0,0.0
417,0.0,661733.447448492,471544.317946434,0.0,958097.4967606068,0.0,0.0
418,630454.5888404846,919145.8487394452,0.0,240587.33946847916,1440472.4513100982,0.0,0.0
419,937444.4487925172,1241205.9978002906,297737.2998136282,640143.4596659541,1474818.6274737716,0.0,0.0
420,711218.8401354458,957941.9106255677,214607.349875113,416780.64987035654,1173038.5010552313,0.0,0.0
421,735253.0106015205,883509.3296734095,254846.87045907974,437254.04041576385,993321.9689673185,0.0,0.0
422,587317.5678402185,870548.3370881081,102454.87985807657,365645.86897325516,1162899.1261422634,0.0,0.0
423,654777.2282598615,820678.6981876493,292763.6188161373,497517.18874931335,929601.8378255963,0.0,0.0
424,625080.019080162,896788.2183117867,194235.5697476864,454678.7889699936,1050195.7278206348,0.0,0.0
425,352146.2091873884,458108.65904664993,54906.179812312126,278155.8294161558,502211.93888007104,0.0,0.0
426,869170.6660285592,1267985.6940115094,127400.55963003635,428721.93814480305,1607038.0817835927,0.0,0.0
427,0.0,0.0,310760.30782461166,551652.656629324,0.0,0.0,0.0
428,7008.0,12080.0,0.0,0.0,0.0,0.0,0.0
429,0.0,0.0,0.0,13269.040008544922,0.0,0.0,0.0
430,29176.14999818802,0.0,26749.0,0.0,0.0,0.0,0.0
431,137009.95925331116,266634.0787923336,13306.129932403564,35336.569875478745,402429.6782734394,0.0,0.0
432,0.0,33994.47998714447,0.0,6514.360000610352,143340.48066973686,0.0,0.0
433,305094.2794494629,331604.98935317993,66782.49986100197,205142.10960054398,394208.9992786646,0.0,0.0
434,642980.9467666447,683755.4266543686,58879.16992548108,610164.5368557274,0.0,0.0,0.0
435,252418.7190135289,358717.90880991705,59101.35967326164,165518.3892896939,425633.6787231136,0.0,0.0
436,218822.9793909788,343096.129070878,54038.73990666866,154813.6796466112,375204.4190353155,0.0,0.0
437,552319.9914419651,778191.6916325092,144004.58075463772,351804.7113419771,993916.7119406462,1032842.5420919657,0.0
438,793210.2419218421,1040431.2525678277,304821.21072244644,538439.3011809587,1315450.3840782046,1405232.474327743,0.0
439,759524.6815298796,1121579.162036635,496274.9410663843,0.0,1484292.9123817459,0.0,0.0
440,813805.0192571785,1103589.0188286211,279188.16986322403,576942.9497238398,1371431.868392339,0.0,0.0
441,704776.9896174669,875988.7493548393,230325.12998735905,458434.87006789446,1049916.3689993024,0.0,0.0
442,577398.4903088212,896331.680267632,205704.42024058104,385672.6203004718,1079564.8807880878,1189528.610759914,0.0
443,844881.728908658,1115409.2985166311,270660.5298130512,611388.379210949,1385217.227749586,0.0,0.0
444,855326.9997475147,1148305.4401288033,245529.78889769316,516905.7392132282,1307862.9407647848,1492677.5109661818,0.0
445,761709.219953239,1092679.4703326821,247301.06006205082,499095.96991825104,1305057.0904134512,0.0,0.0
446,478502.3098948002,597572.5798874497,115728.56999492645,241597.3801664114,702130.9298656583,0.0,0.0
447,590427.9098273516,748808.7997986227,191261.22997319698,449500.9299299717,896157.7496746927,0.0,0.0
448,887561.0990372896,1037848.2890001535,162681.84978288412,642855.2794816494,1127020.4588879347,0.0,0.0
449,366907.9594925642,424281.39927750826,158359.95988219976,285657.23957276344,468754.87920600176,0.0,0.0
450,241623.8595020268,426890.91009254195,89432.23978596926,162809.67974215746,507326.7999113295,0.0,0.0
451,332545.3795838356,425676.5492348671,120426.06000101566,261982.3196630478,514154.999081254,0.0,0.0
452,567831.2797500491,773636.5795360208,274595.4302728176,469353.5700469613,906875.339359343,0.0,0.0
453,538281.3790559769,786987.4989008307,111037.33967494965,313266.12926501036,955387.6786422133,0.0,0.0
454,1101631.5490158796,1476686.3984555006,361330.88949006796,745188.1493010521,1757255.5882991552,0.0,0.0
455,1651796.6145004034,2562842.5072079897,326884.01986306906,983381.2915858626,3448671.350963235,3875635.083961606,0.0
456,1731788.3373103738,2507252.899089515,617587.6325006485,1205841.2550711036,3095380.370920159,0.0,0.0
457,1959771.2355732322,2496866.2471742034,729662.9921283722,1469760.7846009135,3412224.7394245267,0.0,0.0
458,1699179.8246697783,1993776.66506356,729395.7121021748,1190873.5526472926,2229821.1053950824,0.0,0.0
459,877247.5722359419,1164973.5642635822,255608.75054824352,627274.3909978867,1402617.5548565388,0.0,0.0
460,783912.2217032611,925058.1719338596,278594.4009322822,551298.2615041435,1152822.9626049697,0.0,0.0
461,731885.319902122,983530.3301773667,260288.33001405,558923.7199611068,1191362.2706272006,0.0,0.0
462,1632850.130079627,2024696.0899674892,726591.7302372456,1221163.1700598001,2349289.9297299385,0.0,0.0
463,1165194.2709629089,1603160.110519603,364768.97007501125,797547.3707358837,1892641.0008752495,0.0,0.0
464,717083.5100300312,1027767.9798314571,281814.33991622925,474293.8499350548,1386156.120140493,1387132.620140493,0.0
465,1130608.4507078528,1498997.2907108665,381081.6601920128,732586.640234232,1842333.3409106284,1842508.9609124213,0.0
466,1108636.9111548066,1556191.441707313,717542.4408738613,0.0,1907578.7817431092,1943592.841704905,0.0
467,1916999.8816944957,2434214.371575296,819012.9406682849,1388850.2609691024,2811861.661809981,2869623.1118031144,0.0
468,1663009.2395026237,1827144.1194750816,668434.4797508717,1175636.5295593292,0.0,0.0,0.0
469,0.0,0.0,259823.90993261337,0.0,0.0,0.0,0.0
470,0.0,815808.6391839981,201188.93002676964,551944.7399897575,1130981.1884506345,0.0,0.0
471,1295120.517173469,1775353.62608397,446920.6691094637,847403.348069191,2198117.444875598,0.0,0.0
472,801637.1290960833,1059334.2886752784,453188.55957996845,0.0,1375420.0883421004,0.0,0.0
473,424665.28884124756,549357.9487383366,162352.0797122717,302446.9092005491,677758.0885521173,0.0,0.0
474,875873.6377899647,1010333.7375729084,347423.8990422487,627111.1683305502,1155314.2572857141,0.0,0.0
475,611857.639330864,778857.0590865612,141197.1096329093,354993.27948999405,906398.5387752652,0.0,0.0
476,444956.43912154436,621376.5389155746,125043.19984036684,273405.28946107626,719429.5187029243,0.0,0.0
477,465246.6891663,554672.7890160009,128146.25961089134,339011.12950415164,673063.8187408969,0.0,0.0
478,781037.38046325,904557.350308843,429395.5808005929,636654.2707088962,1001926.0101143792,0.0,0.0
479,411738.1695141047,784854.1987392157,102395.93943417072,231785.04936265945,1127962.1783701628,0.0,0.0
480,1093728.9675937742,1347349.0770439953,346857.9590626806,698196.9585047811,1660517.1359469146,0.0,0.0
481,718720.6883131228,1026867.4661312066,271272.6393470727,489760.01876985654,1173526.4458879195,0.0,0.0
482,768637.9477077723,1026239.8251094222,217604.73957884312,392569.99934995174,1296472.7230781317,0.0,0.0
483,451022.62853848934,626829.7480152845,0.0,181465.93922472,767828.6075122356,0.0,0.0
484,760370.1282628719,1037902.1275781337,235986.8793593645,509855.1088628117,1298749.4668933097,0.0,0.0
485,0.0,0.0,219805.65961009264,463389.86916571856,0.0,0.0,0.0
