Date,4,3,1,2,5,6,7
2011-12-26,,,,,,,
2012-01-02,270074.74978017807,82398.29035431147,,,,,
2012-01-09,1254930.723194778,1009593.7495316864,328889.9638929367,690747.5861880183,1559148.3653707504,1624466.145795524,
2012-01-16,,987922.8021072744,288516.5114300847,653252.9905182719,1332051.964747727,,
2012-01-23,1106546.4042153358,857385.7228368521,294781.7249522805,583321.4671501517,1401397.3774796724,,
2012-01-30,722742.7476478219,566508.1467513442,202564.5667394996,446752.4701984525,880748.8806967735,,
2012-02-06,756498.3897861838,579576.868693769,226735.04236602783,424742.5644549728,921503.504447639,,
2012-02-13,781984.2535291314,615582.935031414,183902.90231382847,399494.79819226265,971726.8596461416,,
2012-02-20,856344.4349814802,644384.8749404103,138427.07211077213,314267.76315814257,1012763.537885204,,
2012-02-27,575551.8794697523,417896.1999053955,135224.30166435242,277065.37416899204,760125.0407088399,,
2012-03-05,1100978.5041573644,914349.0820078254,492050.70657640696,726122.6678046584,1264559.0612087846,,
2012-03-12,865059.1026581377,611970.1563956738,173270.78976464272,380467.2111679316,1073122.1048121303,,
2012-03-19,915603.9116102456,698237.7321127057,275616.9496963024,498802.0211135149,1125681.382839918,,
2012-03-26,1253221.2319821715,979505.5105136036,444570.0770871639,732025.8725453615,1486533.0634182096,1544774.943629682,
2012-04-02,1269913.8489211202,939302.7788823248,325005.45431602,626155.9540517926,1563259.4811447265,,
2012-04-09,1136489.2565490007,741225.630949378,,297985.2752505541,1449363.6627812982,1590729.023538053,
2012-04-16,1555012.7816964388,1227903.975467265,382338.7569558621,809000.9313071966,1933168.9893416169,2170250.4369246364,
2012-04-23,1078450.836179018,,390555.40742748976,732202.2546614408,1459298.1196379066,1555443.472064793,
2012-04-30,819923.9687076807,595529.1911341548,272881.3532406092,,1098807.7002717853,1166591.7603942752,
2012-05-07,1017203.4180554152,749774.4689925313,260334.6923623681,511254.61913484335,1491770.34892565,1566090.529497683,
2012-05-14,1149867.6416478753,879627.3179924488,338761.62328726053,597430.6450974941,1402690.3124315145,,
2012-05-21,1101343.6576640606,801680.7616461515,235299.22656667235,527599.9360790253,1613818.9309224486,,
2012-05-28,856712.3239202499,723870.7469237447,345797.93263089657,550834.3559316397,1073982.7970135808,,
2012-06-04,1166489.4392219782,812974.1442000866,222314.03209477663,521892.2355642915,1356285.351230979,,
2012-06-11,1056537.1521906853,758220.4885131121,307705.6473004222,547543.4010158181,1245011.3725764155,,
2012-06-18,1181653.9096904397,937398.2057440876,252118.35697555545,516738.81608110666,1407118.741223693,,
2012-06-25,1317685.020985603,1034802.3990680577,378012.1037529111,751764.1946561933,1563505.5198240876,,
2012-07-02,1164767.7127161026,895291.3610024452,297735.2868394852,614951.2367523313,1453115.9244938493,,
2012-07-09,962646.5051853656,697718.8384789228,248443.0581881404,488408.2792606354,1186471.3957042694,,
2012-07-16,883015.312253058,680328.5639618039,189555.1123262644,426980.9695420265,1263801.3730675578,,
2012-07-23,928260.6587544084,673319.106864214,220697.6814732552,463493.8130529523,1112322.296390653,,
2012-07-30,951866.5804989338,672754.6088002324,186046.8339187503,411462.25887066126,1255476.1802396774,,
2012-08-06,1023206.2567310706,745200.045290269,213757.3766838908,498318.9735843912,1174839.1378818527,,
2012-08-13,,,,,,,
2012-08-20,466884.3659978509,377225.05533427,111034.25056934357,237768.73143655065,605804.2469653487,,
2012-08-27,607279.6803357601,419682.3178183437,142459.05103951693,274262.79189121723,725692.4512509704,,
2012-09-03,825612.3032588959,607637.9474616051,227919.0333200097,425551.0842184424,1057150.832271874,1124190.8228635788,
2012-09-10,1041876.5994910598,851576.8269113898,174475.19923484325,399781.5711354017,1345844.1802746058,,
2012-09-17,1525255.152162075,1097816.9482192397,379762.22811084986,764531.4908452034,1904305.0150917768,,
2012-09-24,1838850.399733424,1320357.936229527,459052.7475562096,984708.1864613296,2315808.7228016853,2571686.664618969,
2012-10-01,3216927.898287952,2529092.22960937,1070770.294874966,1728140.973342538,3831063.45585084,4079752.0671753287,
2012-10-08,4079547.917480506,3108568.350956835,1205079.7236081958,2031732.2972755805,5039072.968330897,5206601.144066371,
2012-10-15,3565782.6081546545,2693460.2524317503,1162812.3528308272,1996156.33866179,4340807.753305674,4606518.085248768,
2012-10-22,3648947.059521854,2615506.5746697783,718038.2817668319,1697035.1280386448,4472223.195893288,4672961.334317207,
2012-10-29,,2200360.6779372096,619599.9573048353,1345436.3008328676,2654101.9355975986,,
2012-11-05,2895109.695185423,2254332.6044135094,886933.694947362,1377743.498067379,3685978.6207258105,,
2012-11-12,2129475.8748301268,1668891.0645568967,710940.9806649685,1218760.0837016702,2555805.577202916,,
2012-11-19,1924272.917298496,1493143.6333078742,619379.55108428,997208.260437429,2291640.299621284,2291640.299621284,
2012-11-26,1609413.2983477116,1181543.165564716,360924.3907923698,833890.663413465,2078078.2545268536,2105658.314753294,
2012-12-03,2008864.2453558445,1616347.3488041162,450473.772680223,902777.4350613356,2454926.87809974,,
2012-12-10,2309116.934742928,1689547.7563878298,410732.0019091368,992002.4125928284,2805792.0962948203,2952449.957225263,
2012-12-17,2533964.3231651783,1679261.69725883,526684.0386801362,1046496.9197108746,2638810.563355446,2657730.633518219,
2012-12-24,23646.37004041672,,,,25032.11006116867,,
2012-12-31,,,1998.2700271606443,,,,
2013-01-07,801033.6450439692,505060.0030571818,128085.08067774773,259145.9114756584,1134415.827207625,1215320.75775069,
2013-01-14,1160790.2378872037,849950.125741899,262837.93171036243,482357.7031918168,1576543.250859797,1648910.1314209104,
2013-01-21,1362295.7692800164,1075751.007747352,478600.5434322953,797279.6756766438,1676467.0016284585,,
2013-01-28,907350.9036480784,764109.9830729365,252795.03093010187,630235.5222149491,1095743.575015843,,
2013-02-04,1078904.8352891805,722788.5033037663,231278.18107914925,505921.73229312897,1351845.7565988898,,
2013-02-11,767314.4143929482,588562.7732272744,168510.1810504794,385859.69235795736,882152.5351486206,,
2013-02-18,767759.3149161935,549522.2635932565,121026.65085554124,339499.5023005605,985904.976086676,,
2013-02-25,1030910.0226163864,779066.1514649391,214948.43055832383,507506.6609957218,1217529.9235694408,1217692.4635703564,
2013-03-04,1263890.4055925012,1093745.7547090054,460839.7918696404,815946.9332573414,1635732.2978405356,,
2013-03-11,937003.9355114102,706155.4240471125,215222.1012480855,455771.0624440312,1082559.666461885,,
2013-03-18,1144607.1762125492,793001.984896183,253909.8314965368,503705.83321255445,1349946.9871971607,,
2013-03-25,1403062.775897801,1099196.5145568848,350735.38190341,673714.4831712246,1617878.996391356,,
2013-04-01,1141127.4245728254,550734.1525497437,,245020.4408171773,1515543.2062247992,1521716.9362262487,
2013-04-08,1533106.2874361277,1157806.0656742454,409946.7122158408,765781.2038242221,1946594.708744824,1993331.9488437767,
2013-04-15,1498579.1865553856,1153669.9447678328,424153.0915359855,771757.9431971312,1825556.7580360167,,
2013-04-22,,901545.8343262672,350468.5414253473,591495.2227106094,1115787.925639093,,
2013-04-29,728974.362483263,,240186.2008495927,530714.8516296744,1018728.9541227818,1132714.565135121,
2013-05-06,1652675.1584579349,1334465.5362190008,358349.4221443534,915564.5632739068,1997786.6109066608,2022069.96116072,
2013-05-13,1745484.3221375942,1329228.0892047286,429006.3232050538,978761.5865419508,2019348.574517965,,
2013-05-20,1094311.326968491,800590.3157030344,268575.6521949172,575308.8941283226,1333975.6489732862,,
2013-05-27,1008716.8132878542,526750.4024258852,167411.03008663654,363604.5412932634,1178492.5438249111,,
2013-06-03,1017122.0461754204,693029.9340372682,175441.85074073076,468007.3826409578,1246896.3076954484,,
2013-06-10,1085547.1358519793,766281.784230113,228050.76149588823,444716.6528849602,1226732.9566782713,,
2013-06-17,1061432.1248651147,803136.84365201,239520.9209302068,550512.0422429442,1288538.5258120894,1289826.6458253264,
2013-06-24,1141032.1849211454,874542.0936111212,334652.6114833355,613325.2923503518,1396668.935793221,1420052.7757819295,
2013-07-01,1021846.784805119,821248.4940639138,254683.3707564473,539157.7125430703,1264105.916162014,1269114.476169109,
2013-07-08,1035741.0646526216,803325.4032577276,282182.09166431427,484980.88296985626,1237234.215996623,1239781.5960077047,
2013-07-15,1152056.4873452785,834734.8655373454,325237.11231541634,579839.4738847613,1832571.011608064,,
2013-07-22,1198579.7574301958,941776.185765922,280241.79188907146,582405.053869009,1439287.7589036226,,
2013-07-29,1525406.11610353,1178523.2844777703,323400.0701317787,592279.3619477153,1830509.608237148,,
2013-08-05,1101608.0668103695,1035734.206505537,328823.6821092367,669253.7743037343,1128043.5669388175,,
2013-08-12,,,,,,,
2013-08-19,510636.87273973227,430693.79220473766,121432.64055424929,300750.5113414526,572519.7530667186,,
2013-08-26,768339.8440454602,530273.722933352,167209.61092805862,352351.25204873085,923358.75491333,,
2013-09-02,1241873.68816638,890207.9455518723,196416.9307826757,571213.4530816674,1574534.6406995654,,
2013-09-09,1049379.684564948,843981.6032845378,226929.45069241524,411678.8619565964,1217699.5556823015,1217708.2356826067,
2013-09-16,954151.4657050072,657582.0438764989,202083.5113863349,336791.31226044893,1743643.5807397068,1745208.8307397068,
2013-09-23,2796095.546296276,1936081.8117851987,628462.8343850747,1206129.8879847303,3770601.0810666457,,
2013-09-30,3217067.1678794622,2196491.532191336,398269.8823325634,1415736.4482451675,3963539.792202115,4272513.004260063,
2013-10-07,3167194.12061292,2323201.9858537912,973329.1459655762,1558336.6501191854,3891018.375635326,3908623.805791557,
2013-10-14,3941726.596888244,3108467.740884781,1362663.6784937382,2258701.795292377,4875375.592876613,5054407.5838881135,
2013-10-21,2963323.561523497,2251081.916120231,805744.2353841662,1395074.6397903562,3781740.9671962857,,
2013-10-28,1745552.292211175,1314747.4491118193,462975.0833338499,850720.2759566307,,,
2013-11-04,2684992.855423272,2242028.4529108405,896778.2633602619,1464375.4376767278,3346305.5996504426,,
2013-11-11,1825701.880927205,1370981.6081742644,488608.1627072692,930843.2654506564,2220355.02329731,,
2013-11-18,1858433.079897821,1355630.446854651,489742.6926938296,945125.90533489,2274932.822283089,,
2013-11-25,1690689.2498562336,1263974.2973160744,448773.6424808502,850447.5951156616,2080978.6718958616,,
2013-12-02,2256451.37228173,1718290.5895915627,339524.0418636799,1128396.0466151834,2773935.305056393,2776052.0950687528,
2013-12-09,2277001.7220323235,1825005.239792958,725503.4834807068,1185416.6962624935,2833828.4252855927,2843445.355355516,
2013-12-16,2306585.942549109,1834425.2694919703,673378.9624381065,1204887.8653016686,2733908.88540566,,
2013-12-23,,,454667.2428984642,601742.8748416901,,,
2013-12-30,,,,,,,
2014-01-06,1088064.526959002,704766.6943604946,,305918.1917221546,1486200.669776976,,
2014-01-13,1414733.9892365932,1105151.9171729088,420641.64283806086,807815.1253941059,1681090.7107661965,,
2014-01-20,1353143.8465698955,1058888.2749670744,436232.0609696508,755057.9231559634,1622216.168556571,,
2014-01-27,1198307.777177155,871025.2251477838,271588.321675539,573023.1738314629,1429620.8185848594,,
2014-02-03,1141578.8770236373,903775.0657826662,276765.83194720745,574677.1238738894,1280006.3477503655,,
2014-02-10,514821.93249833584,363975.5920954943,103457.83073580264,257361.41150391105,594737.2029923201,,
2014-02-17,844651.3639858365,668510.3130169511,149245.28095954657,489936.3320208788,1060536.8546651006,,
2014-02-24,652167.9432694316,472997.04265630245,117646.21050930025,352413.8118995428,701024.5235218406,,
2014-03-03,999502.356183648,723461.484650135,141963.48109567165,428617.4827831388,1230274.027757883,,
2014-03-10,921710.5048319696,776595.373945713,338602.43110990524,485463.4220596552,1029193.0056937336,,
2014-03-17,768630.0142600536,576389.7232432365,172841.5008225441,405325.45215672255,927424.5053226948,,
2014-03-24,1159267.433611393,854577.7825757861,153596.20055294037,546969.8817765713,1747342.084368646,,
2014-03-31,1335304.2142626643,933776.8730253576,355937.33035612106,677290.3215732574,1615282.1256949902,,
2014-04-07,1173182.9861441257,891291.0944838524,302170.6715914607,611385.7430192232,1490119.327821374,,
2014-04-14,1345473.1261218786,1044991.0148295164,353681.44152736664,671876.1028217077,1650066.417364895,,
2014-04-21,904404.4734301568,675403.952370286,,279655.3815342188,,,
2014-04-28,,1066478.0044018626,348230.0314743519,766810.56337291,1576710.7459537983,,
2014-05-05,1368472.5168149918,1032570.9147150964,338267.8416816592,688410.2830930352,1693458.9387583584,,
2014-05-12,1060123.31587708,795368.3843774796,380124.91201138496,536826.7028411627,1241140.6668182015,,
2014-05-19,1151734.4440416694,883581.112980485,210801.01085174084,524995.0120096207,1341844.795102477,,
2014-05-26,1184187.904313147,809848.5234326124,226663.34071701765,555334.8625546098,1461238.1760210395,1470075.8760485053,
2014-06-02,998576.267114222,613090.8242538571,,207973.2313722372,1333751.3593267202,1373743.7096966505,
2014-06-09,1939348.9128703475,1529500.8493560553,436381.5131297112,1081497.805727005,2251822.055871427,,
2014-06-16,1217453.327665925,948078.1757500172,361789.6828631759,595281.1040328741,1422198.4183331728,,
2014-06-23,1138070.6657524705,980795.8345472811,258883.4313110709,716059.9130695462,1347277.2572771907,,
2014-06-30,951575.235267818,730662.5336167812,185250.27078455687,469388.3320223093,1347373.6251670122,,
2014-07-07,1254313.3297073245,881698.1273543239,253035.36201536653,584111.9947651625,1519403.1013078094,,
2014-07-14,1276813.1463831663,1003632.2244423628,336495.05129802227,685708.9430553913,1668537.4291164875,,
2014-07-21,883832.835783422,681692.2047836185,281177.6820747256,427623.1328735352,1090996.8971271515,,
2014-07-28,1161553.2858544588,911883.8943006396,183296.8610316515,519857.7529621124,1391322.617267549,,
2014-08-04,1642643.8698869944,1170222.807252467,321417.4622204304,802948.7547621727,1682392.0401843786,,
2014-08-11,,,,,,,
2014-08-18,619818.182667017,421466.8621918559,84912.91029882431,253780.8612174392,710206.5530364513,,
2014-08-25,600655.2529884577,434392.171877265,128688.13033556938,233474.8806939125,688778.7234742045,,
2014-09-01,1136442.7264544368,900076.8048301339,266119.4015337825,544508.7332201004,1630691.288556099,,
2014-09-08,587044.1732545495,436674.4323551655,103758.08034133913,321574.63180577755,784929.3942993879,,
2014-09-15,1741697.6990910172,1271799.4162926078,366955.3519427776,774232.8742521405,2179952.2615671754,,
2014-09-22,3338091.2416455746,2520866.677963853,877618.8947404027,1589460.2661767006,4118056.1951637855,4475197.146214306,
2014-09-29,3703499.7739282846,2743833.789340496,1051957.082158327,1900328.225777626,4754190.258975744,4820534.739355922,
2014-10-06,3567993.793694973,2655461.219266653,1017086.091601491,1728412.9652122855,4240798.137162924,4261397.89725709,
2014-10-13,3057797.554960251,2460651.471556902,790193.2838543653,1673338.3482267857,3580337.597709179,,
2014-10-20,2087335.7689141035,1649870.1969951391,590170.1124497652,1095328.1652201414,2526762.6414316893,,
2014-10-27,2363225.508575499,1839151.95597893,636146.4414393902,1176074.503663063,2587324.118972838,,
2014-11-03,2149039.678337753,1573955.9156284332,488931.7718951702,1059019.774229765,2659657.410205781,,
2014-11-10,1878523.7383158207,1523247.4264340997,581602.222114563,973191.494015038,2312259.950220585,,
2014-11-17,1839101.657552302,1355292.8259901404,419276.3114082813,955043.7640165688,2328417.869435847,,
2014-11-24,2014253.3064642693,1632559.57450898,401091.7016554028,1383798.0532084256,2436633.278713897,,
2014-12-01,2191561.838471889,1736191.3960906267,564192.1814758778,1115208.5434108973,2690599.130583048,,
2014-12-08,1836797.557872772,1078282.6952940226,,584495.5725810528,2219437.3602793217,2303198.2707812786,
2014-12-15,2720007.4019234776,2097106.0785841343,810177.7328931093,1326247.655502975,3235217.7044810653,,
2014-12-22,,690701.5837715268,396983.2821795941,672938.5237310529,,,
2014-12-29,,,,,,,
2015-01-05,664247.903973341,261894.62156653404,,,1033949.426444888,,
2015-01-12,1609091.0703208449,1209120.6076063514,416097.3526968956,862076.1256465912,1954085.9225871563,,
2015-01-19,894420.1548178196,599025.863546133,,264617.6014854908,1096296.4760363102,,
2015-01-26,638660.2639251947,502277.2632079125,193664.5712797641,344574.5122151375,711653.2241283655,,
2015-02-02,1257093.995912969,969757.24414891,148291.23094391823,450662.3327172399,1392942.6168541312,,
2015-02-09,855684.6862396598,688424.1150900722,272513.9720132351,511679.72385025024,898779.4765495658,,
2015-02-16,1154202.0726911426,864933.7820301652,268887.9902718067,586743.2508294582,1416556.853609264,,
2015-02-23,946973.6443788408,784402.8035220504,300507.37114185095,550886.2623479962,1173287.4653488994,,
2015-03-02,944240.7958679796,713552.0243540406,242193.00152790544,472607.9328274131,1377294.5166133642,,
2015-03-09,1165197.236908913,837500.0648018122,249036.28133279085,617864.7333122492,1487234.4083602428,,
2015-03-16,875881.1351076365,801424.1245884895,270028.7112236023,574752.3832142353,1056665.125927389,,
2015-03-23,1053331.2943601012,708387.2332113385,231813.0409553051,455453.37226617336,1585345.3825478554,,
2015-03-30,1324936.805940926,983981.0648092628,406597.29149478674,674690.5026661754,1619825.6778423786,,
2015-04-06,972415.4645935296,662564.8031546474,,335814.8913934827,1288315.3558745384,,
2015-04-13,1404496.9572668076,1056970.045352101,360575.7318242788,701126.7537143826,1683188.458632946,,
2015-04-20,1103747.7956543565,835334.2345346212,299362.9314376116,563658.0229116678,1287855.506625414,,
2015-04-27,858532.0328912139,706700.5519300103,177958.73076552153,396571.6020313501,,,
2015-05-04,1053738.5662478209,732876.6744241714,113607.55062288046,381461.3923451901,1413664.997862339,,
2015-05-11,1911720.6169893744,1380288.7457389832,398272.6719092727,947925.4937190412,2331717.250018358,,
2015-05-18,1833441.571852148,1388042.749018371,470451.5029366016,911704.9461314082,2481398.94319427,,
2015-05-25,1689371.3499040902,1309497.3877091706,428947.3324589729,853639.0152740479,1864275.76068762,,
2015-06-01,619786.5028632358,384439.3618329168,165698.96050983667,,862984.0641338304,,
2015-06-08,949450.8268330096,803118.8058371544,264216.6718197465,544932.8441290259,1236362.949222267,,
2015-06-15,1178174.6979663372,864584.1160132885,320458.8923217654,604823.5842616558,1359810.1987723708,,
2015-06-22,1214728.093601972,978415.2324926852,246179.2104450464,531408.201659441,1444229.1235678494,,
2015-06-29,1120029.1827578545,852961.1620144844,291192.0204423666,517620.4805536866,1461179.5143498182,,
2015-07-06,1386092.1061870456,1041601.054768622,362659.59168463945,756166.1935181022,1711302.5376726985,,
2015-07-13,981085.2736580968,731080.3132477403,225883.8011679649,466590.27229708433,1430865.0548936725,,
2015-07-20,992077.2648898364,721561.1935572028,239833.09086418152,504393.612344563,1063063.0452189443,,
2015-07-27,1053707.644374609,757598.4029085636,301528.6209859848,562689.1619700193,1152856.4350889325,,
2015-08-03,1267194.797048092,863857.334879458,209816.801124394,544022.6630846858,1589022.4988644123,,
2015-08-10,508644.5619497895,422179.64152127504,241843.7412058711,326919.4412727952,519193.471973002,,
2015-08-17,,,,,,,
2015-08-24,818318.433822751,621267.1827334166,86708.21060204506,261037.8714702129,914933.1343907118,,
2015-08-31,767744.3347180486,574158.0334740877,120186.99084544182,313272.7321072817,927017.9157400728,,
2015-09-07,947471.8147464992,739842.0036289692,230734.52136540413,424626.8325122595,1080745.685479045,,
2015-09-14,579548.9624084234,432421.5520346761,170294.7009474635,300237.6415478587,709852.8632335067,,
2015-09-21,2876772.509911537,2059537.8274279835,597544.7227833271,1103974.515479684,3771092.31313014,4044002.54478693,
2015-09-28,4192579.553875864,3120783.079488277,1034102.6519372464,2114428.5362690687,5210772.087822199,5357724.518708246,
2015-10-05,3688828.1001995206,2791807.014651358,956118.2353399992,1773240.3694333434,4541651.364095986,,
2015-10-12,3434409.289166093,2803420.355088592,941427.9252633452,1810321.539595425,4176163.093268991,,
2015-10-19,2576476.432120187,1816842.6790035367,505815.8328478336,1217646.8759308455,3134522.415112598,,3134522.415112598
2015-10-26,2025673.311170936,1546231.2783380747,570572.2126412392,1026724.6953088044,2428848.313123107,,
2015-11-02,2103639.360198617,1611985.9175094366,513306.8915677071,1090147.3149584532,2675977.2924413085,,
2015-11-09,2449172.6210678816,1899103.568296194,638009.9028391838,1340021.7652857304,2961951.4538356066,,
2015-11-16,2131779.690273404,1607969.4978448153,547451.572158575,1045346.7647713424,2653885.35335362,,
2015-11-23,1837302.478295684,1433507.5460098982,343828.8115695715,886881.8239289522,2373462.990360379,,
2015-11-30,1918807.668587625,1275811.465553224,280096.451207757,734484.5930152535,2514329.711696282,,
2015-12-07,1785016.9456536174,1264264.482985437,712827.5199739933,,2360722.528540313,2443774.9990390483,
2015-12-14,2771927.550922513,1955697.59886837,737172.5540806055,1319478.6760655642,3309486.2434210777,,
2015-12-21,905083.474831704,894203.5248037614,360787.9918637276,807053.5846067704,,,
2015-12-28,,,,,,,
2016-01-04,623402.6734596491,,48131.29019027949,296886.8816511035,901678.2349749804,,
2016-01-11,1236657.6562076807,912944.974489808,326840.2315135002,625741.7627295256,1462415.3576571343,,
2016-01-18,957762.1954920888,669920.273799479,310869.3015794754,,1310642.5574769378,,
2016-01-25,967470.9554735495,789021.014433749,307708.6116803959,577771.1930291727,1069747.266136296,,
2016-02-01,806974.6246830821,570271.5834184289,146844.1907157898,352874.09203344584,994316.9759516716,,
2016-02-08,940380.8956261872,677032.1838011742,203102.0412797928,392127.4226438403,1136639.7168260217,,
2016-02-15,1001775.4748805164,756889.8235192895,304938.17109566927,538287.742158711,1227593.705992043,,
2016-02-22,1004844.3056445272,800319.364441812,170805.22103524208,410440.2925699353,1222684.6673779637,,
2016-02-29,850065.7251034379,620785.2436175942,153057.5609344244,397512.092261076,1093114.0564624667,,
2016-03-07,954021.7046699524,651627.6236994267,220368.17092376947,436586.1524406076,1095813.3156458735,,
2016-03-14,1062172.1264753938,849895.5752181411,307319.0421215892,614175.1040116549,1184832.8770099282,,
2016-03-21,1519328.474106729,1204250.18309021,297084.35060560703,831887.7019569278,1806794.944130361,,
2016-03-28,919319.5021888614,565653.311411798,,293092.84084683657,1262230.5125121474,,
2016-04-04,1358973.113993287,1061484.38247025,326748.8606797457,733822.0011456013,1658544.635421753,,
2016-04-11,1384093.6156131623,954054.5343379974,325830.63147616386,664944.1330791712,1670923.1765230298,,
2016-04-18,1542578.8265674114,903420.954378128,275953.23127639294,537927.2028199434,1838618.4572992325,,
2016-04-25,896907.8240576982,648414.3328353167,,320098.0712541342,1055702.774847865,,
2016-05-02,941896.5750136375,680566.4433232546,146643.66078311205,415920.3821867108,1099487.3059203029,,
2016-05-09,786412.9936193228,587687.9329994917,198036.87104791403,382381.1919505596,1167947.6141488552,,
2016-05-16,1258319.9645142555,1051117.723560214,375450.5610823631,728136.922442615,1455541.7950826287,,
2016-05-23,993072.1334952712,701425.0025824308,172054.800552845,415791.941447258,1212136.0737236142,,
2016-05-30,,822672.471445322,141157.9004841447,367675.9313932061,,,
2016-06-06,1192824.2655764222,838308.6636087298,233901.3310163021,555343.9225360155,1456075.3271573186,,
2016-06-13,1068083.4766433835,809561.3450788856,288469.651789248,547784.5435905457,1270056.6478529572,,
2016-06-20,984956.1055140496,770588.4741318226,267245.89146602154,505740.5028310418,1112619.356014192,,
2016-06-27,695007.1935814619,520091.3126960397,152537.2407169342,349897.03185492754,1072009.8232660294,,
2016-07-04,1082787.9164078832,789603.9247094393,196319.4111599326,476548.7830507159,1350270.448246181,,
2016-07-11,971459.7652847172,742207.0839796066,250847.5212938189,485469.8625160456,1197858.1863958836,,
2016-07-18,1353684.618474007,819571.973926425,334887.9113535881,584223.1524529457,1543899.4296571612,,
2016-07-25,929795.2946813704,703606.2834474444,189527.6207667589,452655.43216872215,1105771.2453904394,,
2016-08-01,1213843.2076160312,846107.9955151081,228294.7013436556,525625.9233008027,1496212.3692505956,,
2016-08-08,981358.7150949688,734693.3938328624,299074.07138472795,609442.4531562328,990065.0651592464,,
2016-08-15,,,,,,,
2016-08-22,760030.4333490133,456348.3227162361,105430.0602799654,289945.4815951586,861860.9040136337,,
2016-08-29,594022.4232321382,397073.122094214,146290.11067694426,300580.3216318488,784054.6445322037,,
2016-09-05,892672.955892384,739403.6248770356,206092.8913962245,511274.3733334541,987162.4564040304,,
2016-09-12,664514.9325128496,456168.8613816649,157120.10004019737,302960.42082832754,1055274.844786137,,
2016-09-19,3108651.832141727,2275412.69944048,631584.0418641567,1459688.4153860807,3938183.365556568,3980474.415787548,
2016-09-26,3659887.310321629,2910966.945884168,1126989.7358345983,2081931.741331816,4010482.312126041,,
2016-10-03,3196387.2382087708,2456009.953449726,867273.5439309478,1673654.6683904529,3944361.821693421,4082316.792682409,
2016-10-10,2942079.337124031,2364727.903904371,827599.8444396257,1582230.689181149,3455190.48040754,,
2016-10-17,2122065.2713580728,1570190.8688934443,525135.733256638,1066083.6764546037,2566690.194111645,,
2016-10-24,2076979.5491490343,1366075.0880226474,434558.8924914599,868984.7153649312,2544169.721508501,,
2016-10-31,1593617.3777567148,914323.6353241204,278233.8116686344,,2029851.069544792,2066144.289678812,
2016-11-07,2323441.041066468,1784950.1585373878,705320.5433177948,1260339.625980556,2936903.0837787986,2991207.4241966605,
2016-11-14,2205435.52103889,1704844.138616443,671129.1432418823,1244398.6561934948,2754316.1533504725,,
2016-11-21,1871876.9672932625,1440075.7053633928,441986.1411970854,1001648.1236690284,2498737.1795437336,,
2016-11-28,2114432.909882009,1664683.1074268222,447483.842012167,1052772.6443398595,2586455.31231755,,
2016-12-05,,1745588.2380247116,601561.1630325317,1342781.3161027431,2235008.010710776,,
2016-12-12,2523322.6801975965,1736110.9882961512,572570.4929168224,1164283.1656336188,3029043.302854061,,
2016-12-19,2243223.7805655003,1650563.4373419285,620770.453492403,1231246.3548178673,2538255.6295560338,,
2016-12-26,,,,62551.98008871079,,,
2017-01-02,525319.0017666221,372767.53110927343,,117216.34006017448,,,
2017-01-09,1188650.1380514505,881514.6957108378,283007.0615288019,594022.9336157441,1457513.919961989,,
2017-01-16,,1111159.1171720624,345698.06240296364,678785.3747431636,1400318.199453771,,
2017-01-23,1221655.9181112647,981175.4661450386,328731.8616683483,669042.7039253712,1430408.969980657,,
2017-01-30,996290.0767463446,726165.5550942421,320794.22214484215,506064.5233950615,1236553.8884288669,,
2017-02-06,740553.4154898524,527538.1838127971,267441.3520665765,406070.0931017995,872050.8865175843,,
2017-02-13,1034844.4078976512,883562.8066217303,272422.54212361574,604917.2545601726,1193093.9289890733,,
2017-02-20,1260747.3945650458,913432.4543474315,204964.68136119845,534070.5139214396,1459132.8147237897,,
2017-02-27,866830.1942750216,644725.2928025723,211363.7999613285,411265.70124316216,1025905.8562034369,,
2017-03-06,1374506.707020402,1011704.6261998416,263050.1328713894,742723.6846059561,1716932.2386499643,,
2017-03-13,1021066.1153339148,838722.0342488885,220591.86128032207,549904.3125106692,1072926.785622239,,
2017-03-20,1108679.3236382604,810238.0123121738,228202.92095398903,479409.3623421192,1332668.0746414063,,
2017-03-27,1269865.9447513225,1050154.2035890818,277702.0409505367,556443.2920798659,1563357.2449892163,,
2017-04-03,1176240.5658230186,810397.9540709257,271712.0009391308,560386.7826128602,1499873.7069674134,,
2017-04-10,1418574.7649533823,1061780.3137244657,338123.24108380824,684710.002129145,1724538.6261546686,,
2017-04-17,980863.7634580733,682432.4522892833,,346826.7312244177,1244547.0243412256,,
2017-04-24,864094.744601503,558056.562881127,222998.7112280876,,1064667.2558395416,,
2017-05-01,900029.274402976,527830.0319746733,,192228.29120576385,1181750.836278394,,
2017-05-08,1457388.4294044375,1057545.0365344882,316807.1220023632,636359.1138310432,1740306.231003821,,
2017-05-15,1161464.4055315256,942173.4945972562,242043.7516546845,636872.8829346299,1482514.6276085377,1517313.5776085854,
2017-05-22,1034750.7451967,723563.4436932802,208788.07095766068,462217.9725037813,1372474.1269493103,,
2017-05-29,1399036.0972089171,1071276.575408578,315996.8413729668,668720.7532983422,,,
2017-06-05,1230112.4923671484,904040.9016894698,306308.67159986496,599445.9117438793,1523001.422113955,,
2017-06-12,999774.8401829842,720458.0202211384,295087.38021692075,527787.3900437001,1108263.750178853,,
2017-06-19,1128334.44671005,835630.5974776149,183145.1296403408,502486.0183432102,1394274.5454704762,,
2017-06-26,1331937.485787809,1120461.7959924936,271412.34994620085,837473.3266817927,1537024.3656309992,,
2017-07-03,1137134.2182600498,842911.0586926937,170442.22973138094,444135.1694331765,1327882.618051648,,
2017-07-10,679913.7484875321,551500.548756659,134879.74965971708,278634.5593417287,891843.258426249,,
2017-07-17,771792.9194515944,611599.0794535875,181919.9198243618,402317.1696821451,1051310.8800305128,,
2017-07-24,673449.7394441962,521256.6994678378,183095.72979033,414829.3896577954,841482.7592979074,,
2017-07-31,1012629.7500235438,708942.3699023128,131719.39993798733,390569.159891665,1206008.4400147796,,
2017-08-07,898703.4396457076,791294.0995537639,233820.88014030457,501044.30007606745,951728.8995947242,,
2017-08-14,436083.9393081069,139976.15964084864,,,542532.7887576222,,
2017-08-21,803898.8078686595,546004.05848068,170877.01940220594,370866.6788790822,996348.658082163,,
2017-08-28,535417.819131434,395777.6793317199,105225.25944250822,261701.33937567472,887801.2980888486,,
2017-09-04,858439.1388168298,712165.6589575969,208501.7197312973,459161.5193685256,1007525.8186832032,,
2017-09-11,651832.2798267007,351088.6598920226,121315.12008619308,242945.98003071547,1004817.3200837374,,
2017-09-18,2738099.8662780523,1966290.26771307,564340.8700222373,1082508.7002068162,3451045.954815626,3685767.454650402,
2017-09-25,3673467.3400172,2828874.334095001,1004592.796892166,1881727.585061431,4625455.588533163,4918186.6477108,
2017-10-02,3010345.3333194256,2215147.6653172374,589674.9589241743,1363934.3773366213,3803631.791572392,,
2017-10-09,3321430.201900767,2371645.304990934,755621.8189464826,1600868.7167539466,4012524.359724389,,
2017-10-16,1851244.7156161664,1408965.5663084388,560825.4683303833,945785.8972610236,2326005.404840827,,
2017-10-23,1786146.727648139,1340597.9780997038,504429.73940718174,887925.4887025356,2228187.776777625,,
2017-10-30,1070698.8792021277,,379871.39993309975,766157.7495943308,1611766.008337855,1611766.008337855,
2017-11-06,2242539.9978349134,1596272.1782936975,656208.9702643156,1115688.229318492,2790947.7176928446,,
2017-11-13,2258100.657251656,1461323.4297427535,524125.3203496337,1061384.519925058,2713714.906045258,,
2017-11-20,1912618.8593681448,1294209.8998761177,467414.32036721706,883421.0098946095,2092446.32907027,,
2017-11-27,1612491.089667201,1148966.999690175,279238.94999551773,729661.5195450783,2203214.949579783,,
2017-12-04,2455723.528870702,1820629.478827953,683100.599873662,1271174.5795400145,,,
2017-12-11,2482752.758121588,2000388.928353764,726461.199057579,1409915.138657786,3004264.657749906,,
2017-12-18,2225762.7287640795,1715746.6090567335,662475.0395929813,1225205.22929468,2709689.48831477,,
2017-12-25,643855.5805015564,372637.8807268143,,,895134.1709622145,,
2018-01-01,469636.8389896154,305086.72954666615,,107498.55991363524,675817.9893581867,,
2018-01-08,1259892.563367784,951356.1830138564,284251.72115802765,597679.782119453,1551892.5528505445,,
2018-01-15,947015.6098538636,745486.4503029585,333571.7500169277,577555.4501847029,,,
2018-01-22,911126.061919868,836686.6518763304,168397.6900920272,582950.9017446637,1116490.2020852976,,
2018-01-29,674895.3495450653,450956.9294725098,219114.89997899905,330688.05985796824,803370.309421245,,
2018-02-05,818348.250790298,443890.0199917555,185092.7598803044,289672.60003352165,1205288.9110425117,,
2018-02-12,1139135.7228487134,890447.0524827838,301244.05087536573,611516.4221029878,1300526.252713263,,
2018-02-19,598795.2003234029,488607.7801570296,173157.5301026106,290180.6901316047,715065.2401779294,,
2018-02-26,622254.959962666,508474.2398176193,131256.22022128105,261857.17994463444,850372.4493418336,,
2018-03-05,856492.9997645617,649502.9598156214,193961.21024227145,375348.6602307558,968404.8698875904,,
2018-03-12,747900.4581667464,571348.6890310645,227224.6298841238,427826.969586134,1044919.1185914556,,
2018-03-19,1515732.967422843,1158119.197846711,259268.74021410945,733658.8491033316,1895960.365996018,2056935.5556922108,
2018-03-26,1565023.9670992494,985915.257977128,343052.9389542937,621710.5282174945,1769988.9865157306,,
2018-04-02,1020730.9379692078,667132.5487650037,,235552.20952689648,1358959.6167294383,,
2018-04-09,1428838.6558301449,1086674.4971508384,349980.35912179947,719163.0380182266,1777154.9851459265,,
2018-04-16,1528601.073240161,1216174.091099501,243022.59993082285,621911.5012128949,1848636.5446664093,,
2018-04-23,944902.6110934616,,319944.4303998351,718217.97140944,1176721.310289979,,
2018-04-30,531218.268434763,158567.96942818165,78956.07981026173,,595228.1182917356,,
2018-05-07,1323347.21145612,1009991.12088722,281999.45028340816,666681.3203589916,1534747.3212681413,,
2018-05-14,968313.476463914,721990.8971732855,296576.75924003124,562872.1180710793,1224107.8659724593,,
2018-05-21,707726.767970264,585073.5780431032,211325.93931293488,488868.19833266735,752062.7479148507,,
2018-05-28,889389.7399497833,664822.7098198533,255284.27988559008,435471.2596040368,1184505.8098450508,,
2018-06-04,1246220.008547401,931650.14913938,243806.84030640125,701224.7998212334,1302120.7184608933,,
2018-06-11,930642.2286578548,708988.7090762388,264808.87965893187,499009.2093280498,1337142.7278456818,,
2018-06-18,1271578.8468989134,1046194.9179797767,406242.6196594238,751918.9490345716,1442232.1565761566,,
2018-06-25,1201477.860175848,606457.2197266817,199818.920232594,399248.6700819731,1485247.6302828789,,
2018-07-02,961845.7385872006,754522.1793960929,209994.7700157165,480885.7699292898,1104422.0984098315,,
2018-07-09,785660.1183294058,597677.1789433956,176826.40970093012,351294.1792870164,999137.038130641,,
2018-07-16,720458.678830713,541410.3390121162,180576.66981220245,388407.1193554104,803064.9484774768,,
2018-07-23,928592.1067100764,690936.567694068,158577.61988806725,378696.21859920025,1080648.6063274145,,
2018-07-30,798015.7788685188,579943.1994231343,75100.9198486805,368852.25963675976,1069442.2881951742,,
2018-08-06,1011750.7398691772,806222.8898940682,254732.29049015045,555160.2602535486,1132554.4596651196,,
2018-08-13,,,60.74000096321106,68.86000084877014,,,
2018-08-20,459328.3990950584,309766.2790813446,24000.64992213249,170492.3892623186,564000.0989000797,,
2018-08-27,525012.2889316082,341688.6490995884,52067.85980796814,243877.3194520473,646053.0485525131,,
2018-09-03,953098.4685357212,670188.2092872262,185442.83987522125,386401.3596175909,1022106.9884067178,,
2018-09-10,554883.078487575,381743.3887345791,113040.099640131,304148.21922826767,871441.1783642173,,
2018-09-17,1897044.328283485,1246146.9887612425,363549.11974721774,927112.05905753,2193964.188147124,,
2018-09-24,2399392.21926409,1688008.259607375,226168.2600676417,878093.2004670501,3226433.3888679147,3477899.788613176,
2018-10-01,3004986.476688981,2296687.2379128933,855723.9396166801,1612503.748181105,3553544.9860040545,4132623.736065149,
2018-10-08,3004192.683447875,2258176.914434828,676825.6286269426,1462146.247007668,3706349.731646158,4241467.420133926,
2018-10-15,2059956.0343179705,1561370.2656636238,556107.0583984852,1014620.0866630076,2772626.07140708,,
2018-10-22,1874382.8247544093,1363987.9457036778,384966.8183685541,911293.3768979908,2330910.19330936,,
2018-10-29,,1176407.6944400296,463739.6980219111,802829.4062220082,1720666.5338677391,,
2018-11-05,2177500.776560128,1657135.217375338,584164.4392789602,1115299.018318236,2628809.896109998,,
2018-11-12,2625673.423476398,1631182.079351008,538278.7195094824,1025089.9187098144,3121606.043229341,,
2018-11-19,1647252.1593788045,1170571.3591440096,464887.419919014,811223.0893027782,1887036.6586306468,,
2018-11-26,2000809.0098525288,1610805.790044427,463009.9393197298,1042911.8299804926,2407114.299610615,,
2018-12-03,2005676.426815152,1534101.0477294326,350746.50933241844,964907.7289835216,2695696.1662796736,,
2018-12-10,2100372.448313117,1515609.6989141705,437759.469583869,856326.3189827204,2446465.6176792383,2738166.787449479,
2018-12-17,1846329.420810185,1422675.210389793,614038.3102033734,1141160.5900687575,3520768.6940393075,,
2018-12-24,133777.8497917652,,,,,,
2018-12-31,299830.19948911667,92007.3498442173,,,572611.3094809055,,
2019-01-07,1231967.4199872017,961363.6400880814,266547.8099503517,572559.4496569633,1476727.3000359312,,
2019-01-14,1097674.4713157192,808302.7409497276,233051.5400984288,530338.3706872463,1421624.9716536775,,
2019-01-21,894301.7794802785,678046.2497173548,232301.7799936533,493476.989888072,1054385.639128983,,
2019-01-28,784308.1281285621,572829.0695698597,195329.50021970272,429569.0999925472,989402.287431512,,
2019-02-04,813089.0191402435,621382.1491822004,151286.97995090485,394355.36960184574,1109800.2094386816,,
2019-02-11,751074.390080452,484884.0691723824,159772.73976892233,337881.8994292021,1019277.2001792192,,
2019-02-18,696279.5527739469,488066.1112829447,130947.68015766144,326780.05064988136,930523.1925975996,,
2019-02-25,731774.2804638743,602452.6303032041,138002.7097313404,517763.4503273368,944102.8311056496,,
2019-03-04,1086179.4619351216,808220.9019435234,185672.51988756657,501844.0399103761,1449465.6828425713,,
2019-03-11,853388.3019977212,703403.6013765335,185671.4904229641,468481.8407330513,965754.8022912143,,
2019-03-18,1085116.4885382056,683217.1004963517,142583.10009080172,414171.5905926824,1371075.2082917094,1468469.9579266906,
2019-03-25,1244959.057044506,960972.658184886,374314.9889438152,688211.0287133455,1526288.8953245282,1651245.624888122,
2019-04-01,1117911.2763481736,850254.7873082757,201244.01971453428,566029.8081297278,1539854.084386766,1647294.054054439,
2019-04-08,1448505.7052478194,1065111.3964027762,300962.96895056963,612170.6782188416,1844281.8237268329,1954930.81308794,
2019-04-15,1121064.6969004795,790126.9469625875,211278.8089187145,460628.3079239056,1404258.346326582,,
2019-04-22,,599030.3102071285,,337550.980427146,,,
2019-04-29,810061.3213083744,,261416.311344266,506088.3614952564,1111097.4719697833,,
2019-05-06,1120589.0321222097,825274.9412385225,190095.5499761105,421886.849826932,1398026.2228273302,,
2019-05-13,1190295.2371675968,870234.677398622,275458.88933211565,546985.1486619115,1466070.216526568,,
2019-05-20,1155038.4182557445,800586.908622859,312139.739467144,591611.8589715939,1340075.8575651627,,
2019-05-27,728978.3290649652,601901.1791096926,125683.77962362766,394726.809429884,782635.9789699912,,
2019-06-03,876091.8780562878,634094.8885723352,245534.019243598,480885.6188418865,1032978.6279031038,,
2019-06-10,783031.3597447276,606196.9697439075,132044.39985460043,357618.0097742677,895882.3397427201,,
2019-06-17,810492.8893841207,644378.3395195901,234919.6600894928,424099.8897860944,948846.0792848766,,
2019-06-24,946731.007867936,602182.0689538755,160621.4298296608,393017.6194678582,2099655.483160857,,
2019-07-01,1386913.1923191547,1186713.0225279331,317378.93930864334,547295.8388264179,2123732.219836235,,
2019-07-08,685049.5896099806,540797.4198361039,167073.67967271805,352872.0996916294,814973.6294679046,,
2019-07-15,719207.3095235229,522645.8692452312,146115.05983757973,318719.80965703726,867130.6694269776,,
2019-07-22,651884.0498799086,496224.4699550867,184034.6600449085,372014.449860096,962971.199441433,,
2019-07-29,846889.1887202039,597292.1789989844,196327.2196588516,448752.87916920334,1076919.1483853012,,
2019-08-05,1166931.5198308823,953335.6598029135,320317.3398579359,675849.0395492911,1196029.8298861384,,
2019-08-12,,,,,,,
2019-08-19,454072.9493875504,311164.9396352172,37541.66981399059,183543.6095811129,498426.5693843961,,
2019-08-26,566404.3791102171,338106.9094272852,91297.53984081744,239766.9496358633,840397.3780025244,,
2019-09-02,773227.9484180808,610660.56848979,239299.16909331083,466260.26870149374,874034.9181471411,,
2019-09-09,705990.519443918,476032.2295819521,158391.249643445,261333.5096417665,974452.9193711764,,
2019-09-16,1467987.3785244825,1114975.0189048648,422021.50948762894,787320.5490875244,1906624.6791850924,,
2019-09-23,1667359.8597167134,1311412.8999543786,396095.9298508167,776805.989587605,1898808.110007517,,
2019-09-30,1620365.4490032196,1290884.1092945335,312647.33980602026,986069.7195935248,1872540.4589805603,,
2019-10-07,3190486.5918853283,1988741.1304039955,349015.88038277626,1245094.0499722958,3813028.4012708655,4402657.781254292,
2019-10-14,3402086.704671841,2815566.7556350045,818306.188720949,1643634.727959402,4203506.062628323,4715148.641727146,
2019-10-21,2405206.01304406,1671787.8255047798,318207.5592315197,1080615.9769419432,3091713.75002116,3485261.439364016,
2019-10-28,2037775.1779260635,1770582.366732359,672642.6178382635,1344792.735806942,,,
2019-11-04,2030832.9670743945,1478459.2274181845,584419.3289128542,980611.9881875516,2421337.927649975,,
2019-11-11,1595124.800507665,1139236.780270815,474679.1501278877,773806.7801308632,2055375.3304163213,,
2019-11-18,2373704.608791948,1600661.208922267,670529.560013771,1106526.6993761065,3648249.151749253,4061759.73295033,
2019-11-25,1759508.8691536784,1377776.3699613214,502094.1303297281,960375.4103162884,2135875.958564222,2135908.958564222,
2019-12-02,2010053.5691154003,1432221.3696330786,569224.8503735065,908268.560234189,2250207.668895006,,
2019-12-09,,,,,,3009.4999809265137,152458.9296617508
2019-12-16,3007600.3280251026,2530241.358356595,780325.1494349241,1783702.3186272385,3505444.7067255974,4316564.275102317,
2019-12-23,,,433860.4894371033,464589.78938794136,1061193.7285387516,,
2019-12-30,661733.447448492,,471544.317946434,,958097.4967606068,,
2020-01-06,919145.8487394452,630454.5888404846,,240587.3394684792,1440472.4513100982,,
2020-01-13,1241205.9978002906,937444.4487925172,297737.2998136282,640143.4596659541,1474818.6274737716,,
2020-01-20,957941.9106255675,711218.8401354458,214607.349875113,416780.6498703565,1173038.501055231,,
2020-01-27,883509.3296734095,735253.0106015205,254846.8704590797,437254.0404157639,993321.9689673184,,
2020-02-03,870548.3370881081,587317.5678402185,102454.87985807656,365645.8689732552,1162899.1261422634,,
2020-02-10,820678.6981876493,654777.2282598615,292763.6188161373,497517.18874931335,929601.8378255964,,
2020-02-17,896788.2183117867,625080.019080162,194235.5697476864,454678.7889699936,1050195.7278206348,,
2020-02-24,458108.65904664993,352146.2091873884,54906.179812312126,278155.8294161558,502211.93888007104,,
2020-03-02,1267985.6940115094,869170.6660285592,127400.55963003635,428721.9381448031,1607038.0817835927,,
2020-03-09,,,310760.30782461166,551652.656629324,,,
2020-03-16,12080.0,7008.0,,,,,
2020-03-23,,,,13269.040008544922,,,
2020-03-30,,29176.14999818802,26749.0,,,,
2020-04-06,266634.0787923336,137009.95925331116,13306.129932403564,35336.569875478745,402429.6782734394,,
2020-04-13,33994.47998714447,,,6514.360000610352,143340.48066973686,,
2020-04-20,331604.98935317993,305094.2794494629,66782.49986100197,205142.109600544,394208.9992786646,,
2020-04-27,683755.4266543686,642980.9467666447,58879.16992548108,610164.5368557274,,,
2020-05-04,358717.90880991705,252418.7190135289,59101.35967326164,165518.3892896939,425633.6787231136,,
2020-05-11,343096.129070878,218822.9793909788,54038.73990666866,154813.6796466112,375204.4190353155,,
2020-05-18,778191.6916325092,552319.9914419651,144004.58075463772,351804.7113419771,993916.7119406462,1032842.5420919656,
2020-05-25,1040431.2525678276,793210.2419218421,304821.21072244644,538439.3011809587,1315450.3840782046,1405232.474327743,
2020-06-01,1121579.162036635,759524.6815298796,496274.9410663843,,1484292.912381746,,
2020-06-08,1103589.0188286211,813805.0192571785,279188.16986322403,576942.9497238398,1371431.868392339,,
2020-06-15,875988.7493548393,704776.9896174669,230325.12998735905,458434.87006789446,1049916.3689993024,,
2020-06-22,896331.680267632,577398.4903088212,205704.42024058104,385672.6203004718,1079564.8807880878,1189528.610759914,
2020-06-29,1115409.2985166311,844881.728908658,270660.5298130512,611388.379210949,1385217.227749586,,
2020-07-06,1148305.4401288033,855326.9997475147,245529.7888976932,516905.7392132282,1307862.9407647848,1492677.5109661818,
2020-07-13,1092679.470332682,761709.219953239,247301.0600620508,499095.96991825104,1305057.0904134512,,
2020-07-20,597572.5798874497,478502.3098948002,115728.56999492644,241597.3801664114,702130.9298656583,,
2020-07-27,748808.7997986227,590427.9098273516,191261.22997319695,449500.9299299717,896157.7496746927,,
2020-08-03,1037848.2890001537,887561.0990372896,162681.84978288412,642855.2794816494,1127020.4588879347,,
2020-08-10,424281.39927750826,366907.9594925642,158359.95988219976,285657.23957276344,468754.87920600176,,
2020-08-17,426890.910092542,241623.8595020268,89432.23978596926,162809.67974215746,507326.7999113295,,
2020-08-24,425676.5492348671,332545.3795838356,120426.06000101566,261982.3196630478,514154.999081254,,
2020-08-31,773636.5795360208,567831.2797500491,274595.4302728176,469353.5700469613,906875.339359343,,
2020-09-07,786987.4989008307,538281.3790559769,111037.33967494965,313266.1292650104,955387.6786422132,,
2020-09-14,1476686.3984555006,1101631.5490158796,361330.889490068,745188.1493010521,1757255.5882991552,,
2020-09-21,2562842.5072079897,1651796.6145004034,326884.01986306906,983381.2915858626,3448671.350963235,3875635.083961606,
2020-09-28,2507252.899089515,1731788.3373103738,617587.6325006485,1205841.2550711036,3095380.370920159,,
2020-10-05,2496866.2471742034,1959771.235573232,729662.9921283722,1469760.7846009135,3412224.7394245267,,
2020-10-12,1993776.66506356,1699179.8246697783,729395.7121021748,1190873.5526472926,2229821.1053950824,,
2020-10-19,1164973.5642635822,877247.5722359419,255608.75054824352,627274.3909978867,1402617.5548565388,,
2020-10-26,925058.1719338596,783912.2217032611,278594.4009322822,551298.2615041435,1152822.9626049695,,
2020-11-02,983530.3301773668,731885.319902122,260288.33001405,558923.7199611068,1191362.2706272006,,
2020-11-09,2024696.0899674888,1632850.130079627,726591.7302372456,1221163.1700598,2349289.9297299385,,
2020-11-16,1603160.110519603,1165194.2709629089,364768.97007501125,797547.3707358837,1892641.0008752493,,
2020-11-23,1027767.9798314573,717083.5100300312,281814.33991622925,474293.8499350548,1386156.120140493,1387132.620140493,
2020-11-30,1498997.2907108665,1130608.4507078528,381081.6601920128,732586.640234232,1842333.3409106284,1842508.960912421,
2020-12-07,1556191.441707313,1108636.9111548066,717542.4408738613,,1907578.7817431088,1943592.841704905,
2020-12-14,2434214.371575296,1916999.881694496,819012.9406682849,1388850.2609691024,2811861.661809981,2869623.1118031144,
2020-12-21,1827144.1194750816,1663009.2395026237,668434.4797508717,1175636.5295593292,,,
2020-12-28,,,259823.90993261337,,,,
2021-01-04,815808.6391839981,,201188.93002676964,551944.7399897575,1130981.1884506345,,
2021-01-11,1775353.62608397,1295120.517173469,446920.6691094637,847403.348069191,2198117.444875598,,
2021-01-18,1059334.2886752784,801637.1290960833,453188.55957996845,,1375420.0883421004,,
2021-01-25,549357.9487383366,424665.28884124756,162352.0797122717,302446.9092005491,677758.0885521173,,
2021-02-01,1010333.7375729084,875873.6377899647,347423.8990422487,627111.1683305502,1155314.2572857141,,
2021-02-08,778857.0590865612,611857.639330864,141197.1096329093,354993.27948999405,906398.5387752652,,
2021-02-15,621376.5389155746,444956.43912154436,125043.19984036684,273405.28946107626,719429.5187029243,,
2021-02-22,554672.7890160009,465246.6891663,128146.25961089134,339011.12950415164,673063.8187408969,,
2021-03-01,904557.350308843,781037.38046325,429395.5808005929,636654.2707088962,1001926.0101143792,,
2021-03-08,784854.1987392157,411738.1695141047,102395.93943417072,231785.04936265945,1127962.1783701628,,
2021-03-15,1347349.0770439953,1093728.9675937742,346857.9590626806,698196.9585047811,1660517.1359469146,,
2021-03-22,1026867.4661312066,718720.6883131228,271272.6393470727,489760.01876985654,1173526.4458879195,,
2021-03-29,1026239.8251094222,768637.9477077723,217604.73957884312,392569.99934995174,1296472.7230781317,,
2021-04-05,626829.7480152845,451022.62853848934,,181465.93922472,767828.6075122356,,
2021-04-12,1037902.1275781337,760370.1282628719,235986.8793593645,509855.1088628117,1298749.4668933097,,
2021-04-19,,,219805.65961009264,463389.86916571856,,,
